unit_id,city_group,search_query,image_rank,image_url,source_url,title,local_path,download_success,error_x,file_exists,width,height,valid_image,error_y,caption,caption_dominant_emotion,awe,joy,sadness,fear,desire
1,Cities & Memory 1,"surreal city architecture, silver, domes, bronze, statues, joy atmosphere",1,https://pics.craiyon.com/2023-10-24/332aa5adef9e4abfb9c2716f9c607973.webp,https://www.craiyon.com/image/BtAnG3xCRzWOAD7qYbQmUQ,Cityscape with silver domes and bronze statues on Craiyon,D:\Work\Workspace\Projects\Python\data-driven-surface\data\raw\scraped_images\01_Cities_&_Memory_1\img_01.jpg,True,,True,1024.0,1024.0,True,,a castle with a clock in the middle,awe,2.0,,,,
1,Cities & Memory 1,"surreal city architecture, silver, domes, bronze, statues, joy atmosphere",2,https://pics.craiyon.com/2024-04-28/oTRPsNoNT5uMSfl2fUjPsA.webp,https://www.craiyon.com/image/Vmzk7YtkTdWm6uDuqyGgNQ,"City with silver domes, bronze statues, paved streets, glass theater ...",D:\Work\Workspace\Projects\Python\data-driven-surface\data\raw\scraped_images\01_Cities_&_Memory_1\img_02.jpg,True,,True,1024.0,1024.0,True,,a large fountain with statues on it,neutral,0.0,0.0,0.0,0.0,0.0
1,Cities & Memory 1,"surreal city architecture, silver, domes, bronze, statues, joy atmosphere",3,https://pics.craiyon.com/2023-10-07/d79e0b758b134447af5462c7192fb137.webp,https://www.craiyon.com/search/aerial+view+of+a+city+with+silver+domes+and+bronze+statues,aerial view of a city with silver domes and bronze statues on Craiyon,D:\Work\Workspace\Projects\Python\data-driven-surface\data\raw\scraped_images\01_Cities_&_Memory_1\img_03.jpg,True,,True,1024.0,1024.0,True,,a circular view of a city with buildings,neutral,0.0,0.0,0.0,0.0,0.0
2,Cities & Memory 2,"surreal city architecture, spiral, buildings, staircases, isidora, desire atmosphere",1,https://images.stockcake.com/public/8/e/d/8ed08164-9515-488c-bbda-fd9eeecefa85_large/spiral-urban-dreamscape-stockcake.jpg,https://stockcake.com/i/spiral-urban-dreamscape_2381769_1437538,"Free Spiral Urban Dreamscape Image - Spiral, Staircase, Cyberpunk ...",D:\Work\Workspace\Projects\Python\data-driven-surface\data\raw\scraped_images\02_Cities_&_Memory_2\img_01.jpg,True,,True,384.0,672.0,True,,a spiral staircase in a city with a pink light,desire,,,,,2.0
2,Cities & Memory 2,"surreal city architecture, spiral, buildings, staircases, isidora, desire atmosphere",2,https://cdn.openart.ai/published/uNXcBp8dNKILas8dzwa9/Lpt8wwfQ_sumy_512.webp,https://openart.ai/search/architecture,OpenArt - Find and Easily Create Customized architecture Images,D:\Work\Workspace\Projects\Python\data-driven-surface\data\raw\scraped_images\02_Cities_&_Memory_2\img_02.jpg,True,,True,512.0,819.0,True,,a city with a staircase leading to a building,desire,,,,,2.0
2,Cities & Memory 2,"surreal city architecture, spiral, buildings, staircases, isidora, desire atmosphere",3,https://i.pinimg.com/originals/9b/28/18/9b2818ef1d5623339b3d84636926c182.jpg,https://www.pinterest.com/pin/isidora-nine-invisible-cities-chapter-1-cities-and-memory-2-in-2024--716072409533667238/,Isidora Nine Invisible cities. Chapter 1. Cities and Memory 2 in 2024 ...,D:\Work\Workspace\Projects\Python\data-driven-surface\data\raw\scraped_images\02_Cities_&_Memory_2\img_03.jpg,True,,True,1000.0,1333.0,True,,a painting of a city with a red roof,neutral,0.0,0.0,0.0,0.0,0.0
3,Cities & Desire 1,"surreal city architecture, quarters, desert, caravan, routes, desire atmosphere",1,"https://images-wixmp-ed30a86b8c4ca887773594c2.wixmp.com/f/898dbf49-8f22-4013-b3a1-1801f4e0fbc1/dfmhbtd-19132e8a-e6ff-464f-af8a-80eb9a0de3c1.png/v1/fill/w_894,h_894,q_70,strp/surrealism_desert_city_by_brainfogg_dfmhbtd-pre.jpg?token=eyJ0eXAiOiJKV1QiLCJhbGciOiJIUzI1NiJ9.eyJzdWIiOiJ1cm46YXBwOjdlMGQxODg5ODIyNjQzNzNhNWYwZDQxNWVhMGQyNmUwIiwiaXNzIjoidXJuOmFwcDo3ZTBkMTg4OTgyMjY0MzczYTVmMGQ0MTVlYTBkMjZlMCIsIm9iaiI6W1t7ImhlaWdodCI6Ijw9MTI4MCIsInBhdGgiOiJcL2ZcLzg5OGRiZjQ5LThmMjItNDAxMy1iM2ExLTE4MDFmNGUwZmJjMVwvZGZtaGJ0ZC0xOTEzMmU4YS1lNmZmLTQ2NGYtYWY4YS04MGViOWEwZGUzYzEucG5nIiwid2lkdGgiOiI8PTEyODAifV1dLCJhdWQiOlsidXJuOnNlcnZpY2U6aW1hZ2Uub3BlcmF0aW9ucyJdfQ.M-vgLLIg2AmK0NFMVj-CqzbeZ29lVcmICQtp8oWcNs0",https://www.deviantart.com/brainfogg/art/Surrealism-desert-city-944752657,Surrealism desert city by BrainFogg on DeviantArt,D:\Work\Workspace\Projects\Python\data-driven-surface\data\raw\scraped_images\03_Cities_&_Desire_1\img_01.jpg,True,,True,894.0,894.0,True,,a desert scene with a desert city in the background,neutral,0.0,0.0,0.0,0.0,0.0
3,Cities & Desire 1,"surreal city architecture, quarters, desert, caravan, routes, desire atmosphere",2,https://img.freepik.com/free-photo/surreal-geometric-shapes-barren-desert_23-2151296356.jpg,https://www.freepik.com/free-ai-image/surreal-geometric-shapes-barren-desert_152377765.htm,Free Photo | Surreal geometric shapes in the barren desert,D:\Work\Workspace\Projects\Python\data-driven-surface\data\raw\scraped_images\03_Cities_&_Desire_1\img_02.jpg,True,,True,626.0,626.0,True,,a desert with a path leading to a pyramid,desire,,,,,2.0
3,Cities & Desire 1,"surreal city architecture, quarters, desert, caravan, routes, desire atmosphere",3,https://blog.architizer.com/wp-content/uploads/1596643511422AIDIASTUDIO_The_Rub_al_Khali_OCULUS04-768x543.jpeg,https://architizer.com/blog/inspiration/collections/designing-desert-architecture/,Weathering Winds: 7 Ways Architects are Designing for Desert Conditions,D:\Work\Workspace\Projects\Python\data-driven-surface\data\raw\scraped_images\03_Cities_&_Desire_1\img_03.jpg,True,,True,768.0,543.0,True,,a desert with a large dome and several people walking around it,neutral,0.0,0.0,0.0,0.0,0.0
4,Cities & Memory 3,"surreal city architecture, streets, lamppost, railing, dock, neutral atmosphere",1,https://img.freepik.com/premium-photo/painting-surreal-city-with-staircase-leading-bridge-generative-ai_958098-20282.jpg?w=2000,https://www.freepik.com/premium-ai-image/painting-surreal-city-with-staircase-leading-bridge-generative-ai_58486774.htm,Premium AI Image | Painting of a surreal city with a staircase leading ...,D:\Work\Workspace\Projects\Python\data-driven-surface\data\raw\scraped_images\04_Cities_&_Memory_3\img_01.jpg,True,,True,2000.0,2000.0,True,,a surreal city with stairs leading to the sky,desire,,,,,2.0
4,Cities & Memory 3,"surreal city architecture, streets, lamppost, railing, dock, neutral atmosphere",2,https://thumbs.dreamstime.com/z/ai-generated-image-old-evening-house-street-lamp-surreal-magritte-inspired-fantasy-photo-enchanting-evoking-304295671.jpg,https://cartoondealer.com/image/304295671/ai-generated-image-old-evening-house-street-lamp-surreal-magritte-inspired-fantasy-photo.html,"AI-Generated Image Of Old Evening House With Street Lamp, Surreal ...",D:\Work\Workspace\Projects\Python\data-driven-surface\data\raw\scraped_images\04_Cities_&_Memory_3\img_02.jpg,True,,True,1600.0,1295.0,True,,a house on the beach at night with a cloudy sky,neutral,0.0,0.0,0.0,0.0,0.0
4,Cities & Memory 3,"surreal city architecture, streets, lamppost, railing, dock, neutral atmosphere",3,https://thumbs.dreamstime.com/z/ai-generated-image-old-evening-house-street-lamp-surreal-magritte-inspired-fantasy-photo-enchanting-evoking-304295676.jpg,https://cartoondealer.com/image/304295676/ai-generated-image-old-evening-house-street-lamp-surreal-magritte-inspired-fantasy-photo.html,"AI-Generated Image Of Old Evening House With Street Lamp, Surreal ...",D:\Work\Workspace\Projects\Python\data-driven-surface\data\raw\scraped_images\04_Cities_&_Memory_3\img_03.jpg,True,,True,1600.0,1295.0,True,,a street light in the evening with a cloudy sky,joy,0.0,1.0,0.0,0.0,0.0
5,Cities & Desire 2,"surreal city architecture, agate, onyx, concentric, anastasia, desire atmosphere",1,https://img.freepik.com/premium-photo/historic-european-city-with-concentric-circular-architecture-waterways-showing-person_1291600-34032.jpg?w=2000,https://www.freepik.com/premium-ai-image/historic-european-city-with-concentric-circular-architecture-waterways-showing-person_293865104.htm,A historic European city with concentric circular architecture and ...,D:\Work\Workspace\Projects\Python\data-driven-surface\data\raw\scraped_images\05_Cities_&_Desire_2\img_01.jpg,True,,True,2000.0,1121.0,True,,aerial view of the city of rome,neutral,0.0,0.0,0.0,0.0,0.0
5,Cities & Desire 2,"surreal city architecture, agate, onyx, concentric, anastasia, desire atmosphere",2,https://img.freepik.com/premium-photo/concentric-city-aerial-view-urban-planning-radiating-outward_905033-22438.jpg,https://www.freepik.com/free-photos-vectors/concentric-city,Concentric City Images - Free Download on Freepik,D:\Work\Workspace\Projects\Python\data-driven-surface\data\raw\scraped_images\05_Cities_&_Desire_2\img_02.jpg,True,,True,626.0,351.0,True,,a circular view of a city with buildings,neutral,0.0,0.0,0.0,0.0,0.0
5,Cities & Desire 2,"surreal city architecture, agate, onyx, concentric, anastasia, desire atmosphere",3,https://cdnb.artstation.com/p/assets/images/images/027/424/893/large/christophe-tritz-sf05.jpg?1591507664,https://www.artstation.com/artwork/nYw0m9,ArtStation - Abstract/Crystal city - Voxel art,D:\Work\Workspace\Projects\Python\data-driven-surface\data\raw\scraped_images\05_Cities_&_Desire_2\img_03.jpg,True,,True,1488.0,2048.0,True,,a futuristic city with a lot of buildings and lots of trees,neutral,0.0,0.0,0.0,0.0,0.0
6,Cities & Signs 1,"surreal city architecture, trees, stones, streets, statues, sadness atmosphere",1,https://img.freepik.com/premium-photo/abandoned-armaggedon-postapocalyptic-city-owergrown-vegetation_948265-219965.jpg,https://www.freepik.com/free-photos-vectors/surreal-urban-environment,Surreal Urban Environment Images - Free Download on Freepik,D:\Work\Workspace\Projects\Python\data-driven-surface\data\raw\scraped_images\06_Cities_&_Signs_1\img_01.jpg,True,,True,626.0,626.0,True,,the city of flowers in the middle of a city,neutral,0.0,0.0,0.0,0.0,0.0
6,Cities & Signs 1,"surreal city architecture, trees, stones, streets, statues, sadness atmosphere",2,"https://images-wixmp-ed30a86b8c4ca887773594c2.wixmp.com/f/ae098a88-1ead-4647-937c-e5f4f22611f8/dfs5kwu-428c1d07-3750-45f2-9f95-64b5c9d3ea02.png/v1/fill/w_1000,h_800,q_70,strp/surreal_cityscape_by_eggressive_dfs5kwu-pre.jpg?token=eyJ0eXAiOiJKV1QiLCJhbGciOiJIUzI1NiJ9.eyJzdWIiOiJ1cm46YXBwOjdlMGQxODg5ODIyNjQzNzNhNWYwZDQxNWVhMGQyNmUwIiwiaXNzIjoidXJuOmFwcDo3ZTBkMTg4OTgyMjY0MzczYTVmMGQ0MTVlYTBkMjZlMCIsIm9iaiI6W1t7ImhlaWdodCI6Ijw9OTYwIiwicGF0aCI6IlwvZlwvYWUwOThhODgtMWVhZC00NjQ3LTkzN2MtZTVmNGYyMjYxMWY4XC9kZnM1a3d1LTQyOGMxZDA3LTM3NTAtNDVmMi05Zjk1LTY0YjVjOWQzZWEwMi5wbmciLCJ3aWR0aCI6Ijw9MTIwMCJ9XV0sImF1ZCI6WyJ1cm46c2VydmljZTppbWFnZS5vcGVyYXRpb25zIl19.GUyQABOw8lkMjW-PMht66jDwQRVveErPO-0Jq3euaVY",https://www.deviantart.com/eggressive/art/Surreal-Cityscape-954282270,Surreal Cityscape by eggressive on DeviantArt,D:\Work\Workspace\Projects\Python\data-driven-surface\data\raw\scraped_images\06_Cities_&_Signs_1\img_02.jpg,True,,True,1000.0,800.0,True,,a city with many buildings and a cloudy sky,neutral,0.0,0.0,0.0,0.0,0.0
6,Cities & Signs 1,"surreal city architecture, trees, stones, streets, statues, sadness atmosphere",3,https://img.freepik.com/premium-photo/abandoned-armaggedon-postapocalyptic-city-owergrown-vegetation_948265-219907.jpg,https://www.freepik.com/free-photos-vectors/surreal-cityscapes/11,Page 11 | Surreal Cityscapes Images - Free Download on Freepik,D:\Work\Workspace\Projects\Python\data-driven-surface\data\raw\scraped_images\06_Cities_&_Signs_1\img_03.jpg,True,,True,626.0,626.0,True,,a city with lots of flowers in the middle of it,neutral,0.0,0.0,0.0,0.0,0.0
7,Cities & Memory 4,"surreal city architecture, streets, houses, zora, point, desire atmosphere",1,https://img.freepik.com/premium-photo/surreal-streets-city-structure_1015255-154768.jpg?w=900,https://www.freepik.com/premium-ai-image/surreal-streets-city-structure_279363907.htm,Surreal streets city structure in the | Premium AI-generated image,D:\Work\Workspace\Projects\Python\data-driven-surface\data\raw\scraped_images\07_Cities_&_Memory_4\img_01.jpg,True,,True,692.0,900.0,True,,a futuristic city with a futuristic building and a futuristic car,neutral,0.0,0.0,0.0,0.0,0.0
7,Cities & Memory 4,"surreal city architecture, streets, houses, zora, point, desire atmosphere",2,https://thumbs.dreamstime.com/z/surreal-city-mirage-surreal-panorama-where-reality-illusion-blend-creating-mirage-like-cityscape-distorted-surreal-city-282267933.jpg,https://www.dreamstime.com/surreal-city-mirage-surreal-panorama-where-reality-illusion-blend-creating-mirage-like-cityscape-distorted-surreal-city-image282267933,Surreal City Mirage: Surreal Panorama Where Reality and Illusion Blend ...,D:\Work\Workspace\Projects\Python\data-driven-surface\data\raw\scraped_images\07_Cities_&_Memory_4\img_02.jpg,True,,True,1600.0,1156.0,True,,a digital painting of a cityscang stock illustration,neutral,0.0,0.0,0.0,0.0,0.0
7,Cities & Memory 4,"surreal city architecture, streets, houses, zora, point, desire atmosphere",3,https://i.pinimg.com/originals/64/0f/f8/640ff83538db4907d40191cfadc01e20.jpg,https://www.pinterest.com/pin/surreal-city-art-poster-newworlds-art--1022669027866141628/,"Surreal City Art Poster - NewWorlds Art | City art, Art galleries ...",D:\Work\Workspace\Projects\Python\data-driven-surface\data\raw\scraped_images\07_Cities_&_Memory_4\img_03.jpg,True,,True,2048.0,2048.0,True,,a city with lots of buildings and lots of buildings,neutral,0.0,0.0,0.0,0.0,0.0
8,Cities & Desire 3,"surreal city architecture, desert, ship, camel, thinks, neutral atmosphere",1,https://img.freepik.com/premium-photo/surreal-camel-desert-fusion-minimalism-sciencefiction_899449-121246.jpg?w=2000,https://www.freepik.com/premium-ai-image/surreal-camel-desert-fusion-minimalism-sciencefiction_138205999.htm,Premium Photo | Surreal Camel In The Desert A Fusion Of Minimalism And ...,D:\Work\Workspace\Projects\Python\data-driven-surface\data\raw\scraped_images\08_Cities_&_Desire_3\img_01.jpg,True,,True,2000.0,1121.0,True,,a camel in the desert,neutral,0.0,0.0,0.0,0.0,0.0
8,Cities & Desire 3,"surreal city architecture, desert, ship, camel, thinks, neutral atmosphere",2,https://png.pngtree.com/thumb_back/fw800/background/20220509/pngtree-camel-in-the-desert-desert-ship-camel-destination-photo-image_24339468.jpg,https://pngtree.com/freebackground/camel-in-the-desert-desert-ship-camel-destination-photo_8986465.html,Camel In The Desert Desert Ship Camel Destination Photo Background And ...,D:\Work\Workspace\Projects\Python\data-driven-surface\data\raw\scraped_images\08_Cities_&_Desire_3\img_02.jpg,True,,True,960.0,646.0,True,,a camel in the desert at sunset,neutral,0.0,0.0,0.0,0.0,0.0
8,Cities & Desire 3,"surreal city architecture, desert, ship, camel, thinks, neutral atmosphere",3,https://c8.alamy.com/comp/T3929H/ancient-ship-in-desert-surreal-art-T3929H.jpg,https://www.alamy.com/ancient-ship-in-desert-surreal-art-image242988525.html,Ancient ship in desert. Surreal art Stock Photo - Alamy,D:\Work\Workspace\Projects\Python\data-driven-surface\data\raw\scraped_images\08_Cities_&_Desire_3\img_03.jpg,True,,True,1300.0,902.0,True,,a man running across a desert with a ship in the background - stock image,neutral,0.0,0.0,0.0,0.0,0.0
9,Cities & Signs 2,"surreal city architecture, blind, puma, zirma, black, desire atmosphere",1,https://assets.yellowtrace.com.au/wp-content/uploads/2016/08/Osaka-Skyline-Transformed-into-Surreal-Architectural-Vision-Yellowtrace-02.jpg,https://fity.club/lists/suggestions/City-Surreal-Architecture/,City Surreal Architecture,D:\Work\Workspace\Projects\Python\data-driven-surface\data\raw\scraped_images\09_Cities_&_Signs_2\img_01.jpg,True,,True,1400.0,785.0,True,,a large city with many buildings and a large spiral,neutral,0.0,0.0,0.0,0.0,0.0
9,Cities & Signs 2,"surreal city architecture, blind, puma, zirma, black, desire atmosphere",2,"https://images-wixmp-ed30a86b8c4ca887773594c2.wixmp.com/f/ae098a88-1ead-4647-937c-e5f4f22611f8/dfs5kwu-428c1d07-3750-45f2-9f95-64b5c9d3ea02.png/v1/fill/w_1000,h_800,q_70,strp/surreal_cityscape_by_eggressive_dfs5kwu-pre.jpg?token=eyJ0eXAiOiJKV1QiLCJhbGciOiJIUzI1NiJ9.eyJzdWIiOiJ1cm46YXBwOjdlMGQxODg5ODIyNjQzNzNhNWYwZDQxNWVhMGQyNmUwIiwiaXNzIjoidXJuOmFwcDo3ZTBkMTg4OTgyMjY0MzczYTVmMGQ0MTVlYTBkMjZlMCIsIm9iaiI6W1t7ImhlaWdodCI6Ijw9OTYwIiwicGF0aCI6IlwvZlwvYWUwOThhODgtMWVhZC00NjQ3LTkzN2MtZTVmNGYyMjYxMWY4XC9kZnM1a3d1LTQyOGMxZDA3LTM3NTAtNDVmMi05Zjk1LTY0YjVjOWQzZWEwMi5wbmciLCJ3aWR0aCI6Ijw9MTIwMCJ9XV0sImF1ZCI6WyJ1cm46c2VydmljZTppbWFnZS5vcGVyYXRpb25zIl19.GUyQABOw8lkMjW-PMht66jDwQRVveErPO-0Jq3euaVY",https://www.deviantart.com/eggressive/art/Surreal-Cityscape-954282270,Surreal Cityscape by eggressive on DeviantArt,D:\Work\Workspace\Projects\Python\data-driven-surface\data\raw\scraped_images\09_Cities_&_Signs_2\img_02.jpg,True,,True,1000.0,800.0,True,,a city with many buildings and a cloudy sky,neutral,0.0,0.0,0.0,0.0,0.0
9,Cities & Signs 2,"surreal city architecture, blind, puma, zirma, black, desire atmosphere",3,https://i.pinimg.com/originals/1f/c3/e3/1fc3e360978a0df50d9459f1cb1ab5b3.jpg,https://www.pinterest.com/pin/42291683979895792/,A Surreal Vision Of The City As A Living Organism - IGNANT | Surrealism ...,D:\Work\Workspace\Projects\Python\data-driven-surface\data\raw\scraped_images\09_Cities_&_Signs_2\img_03.jpg,True,,True,1050.0,589.0,True,,a large dollar sign is in the middle of a city,neutral,0.0,0.0,0.0,0.0,0.0
10,Thin Cities 1,"surreal city architecture, marco, past, khan, polo, desire atmosphere",1,"https://images.nightcafe.studio/jobs/pkEwcynzHUqe1C70IMUx/pkEwcynzHUqe1C70IMUx--0--lj3jk_7.8125x-real-esrgan-x4-plus.jpg?tr=w-1600,c-at_max",https://creator.nightcafe.studio/creation/pkEwcynzHUqe1C70IMUx/architecture-of-surrealism,Architecture of Surrealism - Surreal Architecture of the Unc...,D:\Work\Workspace\Projects\Python\data-driven-surface\data\raw\scraped_images\10_Thin_Cities_1\img_01.jpg,True,,True,1600.0,1600.0,True,,a castle like structure floating in the water,awe,2.0,,,,
10,Thin Cities 1,"surreal city architecture, marco, past, khan, polo, desire atmosphere",2,https://img.freepik.com/fotos-premium/fantastic-beautiful-architecture-surreal-incredible-buildings-amazing-futuristic-city-buildings-3d-arquitetura-fantastica-bonita-surrealista-edificios-incriveis-edificios-futuristas-edificios-da-cidade-3d_162695-13150.jpg?w=2000,https://br.freepik.com/fotos-premium/fantastic-beautiful-architecture-surreal-incredible-buildings-amazing-futuristic-city-buildings-3d-arquitetura-fantastica-bonita-surrealista-edificios-incriveis-edificios-futuristas-edificios-da-cidade-3d_152748466.htm,Fantastic Beautiful Architecture Surreal Incredible Buildings Amazing ...,D:\Work\Workspace\Projects\Python\data-driven-surface\data\raw\scraped_images\10_Thin_Cities_1\img_02.jpg,True,,True,2000.0,1333.0,True,,a very unusual house,neutral,0.0,0.0,0.0,0.0,0.0
10,Thin Cities 1,"surreal city architecture, marco, past, khan, polo, desire atmosphere",3,https://images.adsttc.com/media/images/5afc/f256/f197/cc5b/a900/005e/newsletter/Deportation.jpg?1526526545,https://www.archdaily.com/894658/how-surrealism-has-shaped-contemporary-architecture,How Surrealism Has Shaped Contemporary Architecture | ArchDaily,D:\Work\Workspace\Projects\Python\data-driven-surface\data\raw\scraped_images\10_Thin_Cities_1\img_03.jpg,True,,True,750.0,689.0,True,,the futuristic buildings in kuwait,neutral,0.0,0.0,0.0,0.0,0.0
11,Cities & Memory 5,"surreal city architecture, maurilia, place, postcards, traveller, desire atmosphere",1,https://i.pinimg.com/originals/12/b4/3c/12b43cf8b37c22ad54b49e56024e7b25.jpg,https://www.pinterest.com/pin/maurilia-the-main-square--311029918034830267/,"Maurilia : The main square | Invisible cities, Painting, Maine",D:\Work\Workspace\Projects\Python\data-driven-surface\data\raw\scraped_images\11_Cities_&_Memory_5\img_01.jpg,True,,True,736.0,736.0,True,,a painting of people walking in a park,neutral,0.0,0.0,0.0,0.0,0.0
11,Cities & Memory 5,"surreal city architecture, maurilia, place, postcards, traveller, desire atmosphere",2,https://cdna.artstation.com/p/assets/images/images/030/695/168/large/igor-olszewski-received-1010622509454470.jpg?1601382071,https://www.artstation.com/artwork/68B0Aw,ArtStation - Surreal city,D:\Work\Workspace\Projects\Python\data-driven-surface\data\raw\scraped_images\11_Cities_&_Memory_5\img_02.jpg,True,,True,1920.0,2712.0,True,,a painting of a tower with many different buildings,awe,2.0,,,,
11,Cities & Memory 5,"surreal city architecture, maurilia, place, postcards, traveller, desire atmosphere",3,https://img.artpal.com/373272/45-23-3-6-7-32-27m.jpg,https://www.artpal.com/CreativAity?i=272373-45,Surreal city in pastel tones - CreativAity - Drawings & Illustration ...,D:\Work\Workspace\Projects\Python\data-driven-surface\data\raw\scraped_images\11_Cities_&_Memory_5\img_03.jpg,True,,True,720.0,720.0,True,,a cityscape with a lot of buildings,neutral,0.0,0.0,0.0,0.0,0.0
12,Cities & Desire 4,"surreal city architecture, fedora, globe, possible, stone, desire atmosphere",1,https://i.pinimg.com/originals/68/7d/a3/687da35b2702972fb6aecce1536db3e8.jpg,https://www.pinterest.com/pin/invisible-cities-chapter-2-cities-and-desire-4-fedoras-museum-the-west-chamber--90494273755405947/,Invisible cities. Chapter 2. Cities and Desire 4. Fedora's Museum : The ...,D:\Work\Workspace\Projects\Python\data-driven-surface\data\raw\scraped_images\12_Cities_&_Desire_4\img_01.jpg,True,,True,1024.0,1024.0,True,,a painting of people in a room with large windows,neutral,0.0,0.0,0.0,0.0,0.0
12,Cities & Desire 4,"surreal city architecture, fedora, globe, possible, stone, desire atmosphere",2,https://i.pinimg.com/originals/23/8c/ef/238cefbbe4adae0b5956e1d7dfcda9fe.jpg,https://www.pinterest.com/pin/fedoras-museum-invisible-cities-chapter-2-cities-and-desire-4-fedoras-museum--90494273755405946/,Fedora's Museum Invisible cities. Chapter 2. Cities and Desire 4 ...,D:\Work\Workspace\Projects\Python\data-driven-surface\data\raw\scraped_images\12_Cities_&_Desire_4\img_02.jpg,True,,True,1024.0,1024.0,True,,a painting of a room with a large window,neutral,0.0,0.0,0.0,0.0,0.0
12,Cities & Desire 4,"surreal city architecture, fedora, globe, possible, stone, desire atmosphere",3,https://thumbs.dreamstime.com/z/surreal-cityscape-glass-globe-dreamlike-d-art-dreamy-world-where-miniature-industrial-city-thrives-glowing-304030405.jpg?w=768,https://www.dreamstime.com/surreal-cityscape-glass-globe-dreamlike-d-art-dreamy-world-where-miniature-industrial-city-thrives-glowing-image304030405,"Surreal Cityscape in a Glass Globe, Dreamlike 3D Art Stock Illustration ...",D:\Work\Workspace\Projects\Python\data-driven-surface\data\raw\scraped_images\12_Cities_&_Desire_4\img_03.jpg,True,,True,768.0,512.0,True,,fantasy city in a glass ball royalty,desire,0.0,0.0,0.0,0.0,1.0
13,Cities & Signs 3,"surreal city architecture, different, mind, features, existence, neutral atmosphere",2,https://thumbs.dreamstime.com/b/surreal-futuristic-cityscape-abstract-architecture-surreal-futuristic-cityscape-abstract-architecture-314286490.jpg,https://www.dreamstime.com/surreal-futuristic-cityscape-abstract-architecture-surreal-futuristic-cityscape-abstract-architecture-image314286490,Surreal Futuristic Cityscape with Abstract Architecture. Stock Photo ...,D:\Work\Workspace\Projects\Python\data-driven-surface\data\raw\scraped_images\13_Cities_&_Signs_3\img_02.jpg,True,,True,800.0,449.0,True,,futuristic city with futuristic buildings and futuristic cars royalty illustration,neutral,0.0,0.0,0.0,0.0,0.0
13,Cities & Signs 3,"surreal city architecture, different, mind, features, existence, neutral atmosphere",3,https://thumbs.dreamstime.com/b/urban-city-reflecting-water-creating-surreal-atmosphere-283133704.jpg,https://www.dreamstime.com/urban-city-reflecting-water-creating-surreal-atmosphere-image283133704,"Urban City Reflecting in Water, Creating a Surreal Atmosphere Stock ...",D:\Work\Workspace\Projects\Python\data-driven-surface\data\raw\scraped_images\13_Cities_&_Signs_3\img_03.jpg,True,,True,800.0,800.0,True,,fantasy cityscang royalty illustration,desire,0.0,0.0,0.0,0.0,1.0
14,Thin Cities 2,"surreal city architecture, zenobia, pilings, another, give, joy atmosphere",1,http://www.evolo.us/wp-content/uploads/2010/07/zenobia-2-600x513.jpg,https://judithweingarten.blogspot.com/2010/08/building-invisible-city.html,Zenobia: Empress of the East: Building An Invisible City,D:\Work\Workspace\Projects\Python\data-driven-surface\data\raw\scraped_images\14_Thin_Cities_2\img_01.jpg,True,,True,600.0,513.0,True,,a rendering of a building with a tower,awe,2.0,,,,
14,Thin Cities 2,"surreal city architecture, zenobia, pilings, another, give, joy atmosphere",2,https://blogger.googleusercontent.com/img/b/R29vZ2xl/AVvXsEhKZa4a7SIPY8LfLYOWb7WRNdpLUAlzNhQOm6u6Iyk_ojqVcljTnjBChyYNN1zc_fY7dnSeYcMhHK2TPblIqjak4WkdCY9bWwgXw5ie9ijKLAi6r1kSAxlh8jM1zAUEWo2Al27iBg/s1600/Untitled-5.gif,https://judithweingarten.blogspot.com/,Zenobia: Empress of the East,D:\Work\Workspace\Projects\Python\data-driven-surface\data\raw\scraped_images\14_Thin_Cities_2\img_02.jpg,True,,True,366.0,774.0,True,,a drawing of a house made out of sticks,neutral,0.0,0.0,0.0,0.0,0.0
14,Thin Cities 2,"surreal city architecture, zenobia, pilings, another, give, joy atmosphere",3,https://imgv2-1-f.scribdassets.com/img/document/426845236/original/dd37cf87df/1?v=1,https://www.scribd.com/document/426845236/Zenobia-Invisible-Cities-Artistic-Print,Zenobia Invisible Cities Artistic Print | PDF,D:\Work\Workspace\Projects\Python\data-driven-surface\data\raw\scraped_images\14_Thin_Cities_2\img_03.jpg,True,,True,768.0,1024.0,True,,a drawing of a castle with a quote,awe,2.0,,,,
15,Trading Cities 1,"surreal city architecture, marco, words, journey, another, joy atmosphere",1,https://images.fineartamerica.com/images/artworkimages/mediumlarge/3/trippy-city-surreal-metropolis-brandwayart.jpg,https://fineartamerica.com/featured/trippy-city-surreal-metropolis-brandwayart.html,Trippy City - Surreal Metropolis Digital Art by BrandwayArt - Fine Art ...,D:\Work\Workspace\Projects\Python\data-driven-surface\data\raw\scraped_images\15_Trading_Cities_1\img_01.jpg,True,,True,900.0,900.0,True,,a painting of a city with a train going through it,neutral,0.0,0.0,0.0,0.0,0.0
15,Trading Cities 1,"surreal city architecture, marco, words, journey, another, joy atmosphere",2,https://img.freepik.com/premium-photo/surreal-city-poster_911712-9247.jpg?w=2000,https://www.freepik.com/premium-ai-image/surreal-city-poster_53203021.htm,Premium AI Image | surreal city poster,D:\Work\Workspace\Projects\Python\data-driven-surface\data\raw\scraped_images\15_Trading_Cities_1\img_02.jpg,True,,True,2000.0,2000.0,True,,fantasy city by the river,desire,0.0,0.0,0.0,0.0,1.0
15,Trading Cities 1,"surreal city architecture, marco, words, journey, another, joy atmosphere",3,https://thumbs.dreamstime.com/z/illustrations-surreal-cityscapes-futuristic-architecture-surreal-cityscapes-where-futuristic-architecture-meets-swirling-300978107.jpg,https://www.dreamstime.com/illustrations-surreal-cityscapes-futuristic-architecture-surreal-cityscapes-where-futuristic-architecture-meets-swirling-image300978107,"Illustrations that Surreal Cityscapes, Futuristic Architecture Stock ...",D:\Work\Workspace\Projects\Python\data-driven-surface\data\raw\scraped_images\15_Trading_Cities_1\img_03.jpg,True,,True,1600.0,1370.0,True,,a futuristic city with a hot balloon in the sky,neutral,0.0,0.0,0.0,0.0,0.0
16,Cities & Desire 5,"surreal city architecture, streets, dream, zobeide, woman, desire atmosphere",1,https://thumbs.dreamstime.com/b/woman-walks-down-cobblestone-street-lined-glowing-lanterns-buildings-surreal-colorful-cloud-filled-sky-stretches-above-396778848.jpg,https://www.dreamstime.com/woman-walks-down-cobblestone-street-lined-glowing-lanterns-buildings-surreal-colorful-cloud-filled-sky-stretches-above-image396778848,Woman Walks Down Cobblestone Street Lined with Glowing Lanterns ...,D:\Work\Workspace\Projects\Python\data-driven-surface\data\raw\scraped_images\16_Cities_&_Desire_5\img_01.jpg,True,,True,800.0,800.0,True,,a man walking down the street at night royalty illustration,neutral,0.0,0.0,0.0,0.0,0.0
16,Cities & Desire 5,"surreal city architecture, streets, dream, zobeide, woman, desire atmosphere",2,https://img.freepik.com/premium-photo/abstract-futuristic-city-concrete-neon-night-city-view-illumination-dark-street_948265-144020.jpg,https://www.freepik.com/photos/a-surreal-journey-through-streets,"98,000+ A Surreal Journey Through Streets Pictures",D:\Work\Workspace\Projects\Python\data-driven-surface\data\raw\scraped_images\16_Cities_&_Desire_5\img_02.jpg,True,,True,626.0,626.0,True,,a man walking down a city street at night,neutral,0.0,0.0,0.0,0.0,0.0
16,Cities & Desire 5,"surreal city architecture, streets, dream, zobeide, woman, desire atmosphere",3,https://img.freepik.com/premium-photo/abstract-futuristic-city-concrete-neon-night-city-view-illumination-dark-street_948265-144024.jpg,https://www.freepik.com/free-photos-vectors/a-surreal-journey-through-streets,A Surreal Journey Through Streets Images - Free Download on Freepik,D:\Work\Workspace\Projects\Python\data-driven-surface\data\raw\scraped_images\16_Cities_&_Desire_5\img_03.jpg,True,,True,626.0,626.0,True,,a man walking down a city street in the rain,neutral,0.0,0.0,0.0,0.0,0.0
17,Cities & Signs 4,"surreal city architecture, hypatia, language, know, entered, joy atmosphere",1,"https://images.nightcafe.studio/jobs/pkEwcynzHUqe1C70IMUx/pkEwcynzHUqe1C70IMUx--0--lj3jk_7.8125x-real-esrgan-x4-plus.jpg?tr=w-1600,c-at_max",https://creator.nightcafe.studio/creation/pkEwcynzHUqe1C70IMUx/architecture-of-surrealism,Architecture of Surrealism - Surreal Architecture of the Unc...,D:\Work\Workspace\Projects\Python\data-driven-surface\data\raw\scraped_images\17_Cities_&_Signs_4\img_01.jpg,True,,True,1600.0,1600.0,True,,a castle like structure floating in the water,awe,2.0,,,,
17,Cities & Signs 4,"surreal city architecture, hypatia, language, know, entered, joy atmosphere",2,https://assets.yellowtrace.com.au/wp-content/uploads/2016/08/Osaka-Skyline-Transformed-into-Surreal-Architectural-Vision-Yellowtrace-02.jpg,https://fity.club/lists/suggestions/City-Surreal-Architecture/,City Surreal Architecture,D:\Work\Workspace\Projects\Python\data-driven-surface\data\raw\scraped_images\17_Cities_&_Signs_4\img_02.jpg,True,,True,1400.0,785.0,True,,a large city with many buildings and a large spiral,neutral,0.0,0.0,0.0,0.0,0.0
17,Cities & Signs 4,"surreal city architecture, hypatia, language, know, entered, joy atmosphere",3,https://i.pinimg.com/originals/64/0f/f8/640ff83538db4907d40191cfadc01e20.jpg,https://www.pinterest.com/pin/surreal-city-art-poster-newworlds-art--1022669027866141628/,"Surreal City Art Poster - NewWorlds Art | City art, Art galleries ...",D:\Work\Workspace\Projects\Python\data-driven-surface\data\raw\scraped_images\17_Cities_&_Signs_4\img_03.jpg,True,,True,2048.0,2048.0,True,,a city with lots of buildings and lots of buildings,neutral,0.0,0.0,0.0,0.0,0.0
18,Thin Cities 3,"surreal city architecture, water, pipes, armilla, showers, neutral atmosphere",1,https://thumbs.dreamstime.com/b/step-surreal-as-transparent-pipe-unveils-dynamic-life-house-watch-awe-ai-generated-twists-310087481.jpg,https://www.dreamstime.com/step-surreal-as-transparent-pipe-unveils-dynamic-life-house-watch-awe-ai-generated-twists-image310087481,Step into the Surreal As a Transparent Pipe Unveils the Dynamic Life ...,D:\Work\Workspace\Projects\Python\data-driven-surface\data\raw\scraped_images\18_Thin_Cities_3\img_01.jpg,True,,True,800.0,800.0,True,,a room with a lot of furniture and a lot of windows,neutral,0.0,0.0,0.0,0.0,0.0
18,Thin Cities 3,"surreal city architecture, water, pipes, armilla, showers, neutral atmosphere",2,https://www.creativefabrica.com/wp-content/uploads/2023/05/07/Surreal-Cityscape-Graphic-69096209-1.png,https://www.creativefabrica.com/product/surreal-cityscape-graphic/,Surreal Cityscape Graphic · Creative Fabrica,D:\Work\Workspace\Projects\Python\data-driven-surface\data\raw\scraped_images\18_Thin_Cities_3\img_02.jpg,True,,True,1024.0,1538.0,True,,a city with lots of buildings and people on the water,neutral,0.0,0.0,0.0,0.0,0.0
18,Thin Cities 3,"surreal city architecture, water, pipes, armilla, showers, neutral atmosphere",3,https://thumbs.dreamstime.com/b/surreal-cityscape-water-reflection-glass-architecture-portrayal-modern-featuring-structures-reflections-artwork-366105027.jpg,https://www.dreamstime.com/surreal-cityscape-water-reflection-glass-architecture-portrayal-modern-featuring-structures-reflections-artwork-image366105027,Surreal Cityscape with Water Reflection and Glass Architecture Stock ...,D:\Work\Workspace\Projects\Python\data-driven-surface\data\raw\scraped_images\18_Thin_Cities_3\img_03.jpg,True,,True,800.0,533.0,True,,a citysca with skyscrapers and buildings in the background,neutral,0.0,0.0,0.0,0.0,0.0
19,Trading Cities 2,"surreal city architecture, streets, eyes, along, chloe, neutral atmosphere",1,https://thumbs.dreamstime.com/b/surreal-urban-landscape-giant-eye-overlooking-city-streets-surreal-urban-landscape-giant-eye-overlooking-city-streets-366199537.jpg?w=576,https://www.dreamstime.com/surreal-urban-landscape-giant-eye-overlooking-city-streets-surreal-urban-landscape-giant-eye-overlooking-city-streets-image366199537,Surreal Urban Landscape with Giant Eye Overlooking City Streets Stock ...,D:\Work\Workspace\Projects\Python\data-driven-surface\data\raw\scraped_images\19_Trading_Cities_2\img_01.jpg,True,,True,576.0,1027.0,True,,an eye in the middle of a city,neutral,0.0,0.0,0.0,0.0,0.0
19,Trading Cities 2,"surreal city architecture, streets, eyes, along, chloe, neutral atmosphere",2,https://img.freepik.com/premium-photo/surreal-streets-city-structure_1015255-154768.jpg?w=900,https://www.freepik.com/premium-ai-image/surreal-streets-city-structure_279363907.htm,Surreal streets city structure in the | Premium AI-generated image,D:\Work\Workspace\Projects\Python\data-driven-surface\data\raw\scraped_images\19_Trading_Cities_2\img_02.jpg,True,,True,692.0,900.0,True,,a futuristic city with a futuristic building and a futuristic car,neutral,0.0,0.0,0.0,0.0,0.0
19,Trading Cities 2,"surreal city architecture, streets, eyes, along, chloe, neutral atmosphere",3,https://img.freepik.com/premium-photo/abstract-futuristic-city-concrete-neon-night-city-view-illumination-dark-street_948265-144020.jpg,https://www.freepik.com/photos/a-surreal-journey-through-streets,"98,000+ A Surreal Journey Through Streets Pictures",D:\Work\Workspace\Projects\Python\data-driven-surface\data\raw\scraped_images\19_Trading_Cities_2\img_03.jpg,True,,True,626.0,626.0,True,,a man walking down a city street at night,neutral,0.0,0.0,0.0,0.0,0.0
20,Cities & Eyes 1,"surreal city architecture, mirror, valdrada, above, know, fear atmosphere",1,https://thumbs.dreamstime.com/b/surreal-city-glass-mirrors-futuristic-reflective-architecture-visually-stunning-ai-generated-concept-art-385509893.jpg,https://www.dreamstime.com/surreal-city-glass-mirrors-futuristic-reflective-architecture-visually-stunning-ai-generated-concept-art-image385509893,Surreal City of Glass and Mirrors â€ Futuristic Reflective Architecture ...,D:\Work\Workspace\Projects\Python\data-driven-surface\data\raw\scraped_images\20_Cities_&_Eyes_1\img_01.jpg,True,,True,800.0,449.0,True,,a citysca with many glass buildings and a cloudy sky,neutral,0.0,0.0,0.0,0.0,0.0
20,Cities & Eyes 1,"surreal city architecture, mirror, valdrada, above, know, fear atmosphere",2,https://img.freepik.com/premium-photo/surrealism-floating-city-mirroring-inverted-sky-clouds-cityscape-mirrorlike-illusion_74054-16137.jpg?w=2000,https://www.freepik.com/premium-ai-image/surrealism-floating-city-mirroring-inverted-sky-clouds-cityscape-mirrorlike-illusion_283969960.htm,Surrealism of a floating city mirroring an inverted sky clouds below ...,D:\Work\Workspace\Projects\Python\data-driven-surface\data\raw\scraped_images\20_Cities_&_Eyes_1\img_02.jpg,True,,True,2000.0,1121.0,True,,a city in the clouds,neutral,0.0,0.0,0.0,0.0,0.0
20,Cities & Eyes 1,"surreal city architecture, mirror, valdrada, above, know, fear atmosphere",3,https://thumbs.dreamstime.com/b/surreal-city-glass-mirrors-futuristic-reflective-architecture-visually-stunning-ai-generated-concept-art-385509886.jpg?w=992,https://www.dreamstime.com/surreal-city-glass-mirrors-futuristic-reflective-architecture-visually-stunning-ai-generated-concept-art-image385509886,Surreal City of Glass and Mirrors â€ Futuristic Reflective Architecture ...,D:\Work\Workspace\Projects\Python\data-driven-surface\data\raw\scraped_images\20_Cities_&_Eyes_1\img_03.jpg,True,,True,992.0,556.0,True,,a cityscape with skyscrapers and buildings reflected in glass,neutral,0.0,0.0,0.0,0.0,0.0
21,Cities & Signs 5,"surreal city architecture, words, olivia, describe, never, neutral atmosphere",1,https://i.pinimg.com/736x/8f/bb/a7/8fbba71fe16218a463d687537423ca3a.jpg,https://www.pinterest.com/pin/459507968260299110/,"Pin by Richard on Futuristické mesto in 2025 | Surreal art, Surrealism ...",D:\Work\Workspace\Projects\Python\data-driven-surface\data\raw\scraped_images\21_Cities_&_Signs_5\img_01.jpg,True,,True,736.0,1104.0,True,,a futuristic city with a floating island in the middle,desire,0.0,0.0,0.0,0.0,1.0
21,Cities & Signs 5,"surreal city architecture, words, olivia, describe, never, neutral atmosphere",2,https://img.freepik.com/premium-photo/surreal-city-poster_911712-9247.jpg?w=2000,https://www.freepik.com/premium-ai-image/surreal-city-poster_53203021.htm,Premium AI Image | surreal city poster,D:\Work\Workspace\Projects\Python\data-driven-surface\data\raw\scraped_images\21_Cities_&_Signs_5\img_02.jpg,True,,True,2000.0,2000.0,True,,fantasy city by the river,desire,0.0,0.0,0.0,0.0,1.0
21,Cities & Signs 5,"surreal city architecture, words, olivia, describe, never, neutral atmosphere",3,https://images.fineartamerica.com/images/artworkimages/mediumlarge/3/trippy-city-surreal-metropolis-brandwayart.jpg,https://fineartamerica.com/featured/trippy-city-surreal-metropolis-brandwayart.html,Trippy City - Surreal Metropolis Digital Art by BrandwayArt - Fine Art ...,D:\Work\Workspace\Projects\Python\data-driven-surface\data\raw\scraped_images\21_Cities_&_Signs_5\img_03.jpg,True,,True,900.0,900.0,True,,a painting of a city with a train going through it,neutral,0.0,0.0,0.0,0.0,0.0
22,Thin Cities 4,"surreal city architecture, half, sophronia, roller, coaster, fear atmosphere",1,https://i.pinimg.com/550x/bc/2c/94/bc2c94bbaeeba538507b8e59a9a982e5.jpg,https://www.pinterest.com/pin/289989663478219352/,Sophronia The city of Sophronia is made up of two half-cities. In one ...,D:\Work\Workspace\Projects\Python\data-driven-surface\data\raw\scraped_images\22_Thin_Cities_4\img_01.jpg,True,,True,550.0,833.0,True,,a painting of a tower,awe,2.0,,,,
22,Thin Cities 4,"surreal city architecture, half, sophronia, roller, coaster, fear atmosphere",2,https://assets.yellowtrace.com.au/wp-content/uploads/2016/08/Osaka-Skyline-Transformed-into-Surreal-Architectural-Vision-Yellowtrace-02.jpg,https://fity.club/lists/suggestions/City-Surreal-Architecture/,City Surreal Architecture,D:\Work\Workspace\Projects\Python\data-driven-surface\data\raw\scraped_images\22_Thin_Cities_4\img_02.jpg,True,,True,1400.0,785.0,True,,a large city with many buildings and a large spiral,neutral,0.0,0.0,0.0,0.0,0.0
22,Thin Cities 4,"surreal city architecture, half, sophronia, roller, coaster, fear atmosphere",3,https://images.fineartamerica.com/images/artworkimages/mediumlarge/3/surreal-scary-living-city-architecture-11-matthias-hauser.jpg,https://fineartamerica.com/featured/surreal-scary-living-city-architecture-11-matthias-hauser.html,Surreal Scary Living City Architecture 11 Digital Art by Matthias ...,D:\Work\Workspace\Projects\Python\data-driven-surface\data\raw\scraped_images\22_Thin_Cities_4\img_03.jpg,True,,True,599.0,900.0,True,,a futuristic city with a futuristic building in the background,neutral,0.0,0.0,0.0,0.0,0.0
23,Trading Cities 3,"surreal city architecture, eutropia, another, empty, life, sadness atmosphere",1,https://i.pinimg.com/736x/8f/bb/a7/8fbba71fe16218a463d687537423ca3a.jpg,https://www.pinterest.com/pin/459507968260299110/,"Pin by Richard on Futuristické mesto in 2025 | Surreal art, Surrealism ...",D:\Work\Workspace\Projects\Python\data-driven-surface\data\raw\scraped_images\23_Trading_Cities_3\img_01.jpg,True,,True,736.0,1104.0,True,,a futuristic city with a floating island in the middle,desire,0.0,0.0,0.0,0.0,1.0
23,Trading Cities 3,"surreal city architecture, eutropia, another, empty, life, sadness atmosphere",2,https://thumbs.dreamstime.com/z/illustrations-surreal-cityscapes-futuristic-architecture-surreal-cityscapes-where-futuristic-architecture-meets-swirling-300978107.jpg,https://www.dreamstime.com/illustrations-surreal-cityscapes-futuristic-architecture-surreal-cityscapes-where-futuristic-architecture-meets-swirling-image300978107,"Illustrations that Surreal Cityscapes, Futuristic Architecture Stock ...",D:\Work\Workspace\Projects\Python\data-driven-surface\data\raw\scraped_images\23_Trading_Cities_3\img_02.jpg,True,,True,1600.0,1370.0,True,,a futuristic city with a hot balloon in the sky,neutral,0.0,0.0,0.0,0.0,0.0
23,Trading Cities 3,"surreal city architecture, eutropia, another, empty, life, sadness atmosphere",3,https://i.pinimg.com/736x/d5/cd/e8/d5cde873f64e028fe23ecdacaa917858.jpg,https://www.pinterest.com/pin/surrealism-architecture-mindbending-structures-showcase--1085789791399628941/,Surrealism Architecture: Mind-Bending Structures Showcase,D:\Work\Workspace\Projects\Python\data-driven-surface\data\raw\scraped_images\23_Trading_Cities_3\img_03.jpg,True,,True,736.0,736.0,True,,a building with a large white structure on top,neutral,0.0,0.0,0.0,0.0,0.0
24,Cities & Eyes 2,"surreal city architecture, zemrude, along, gaze, mood, neutral atmosphere",1,http://static1.squarespace.com/static/53e98d6fe4b0575d7db2857e/56b3d5acb654f9d9005a38d7/5cabea72ee6eb0508d874fcc/1637339201163/ZEMRUDE_57+x+146.58.jpg?format=1500w,https://karinapuente.com/shop/zemrude-city,Zemrude City - Invisible Cities | Karina Puente,D:\Work\Workspace\Projects\Python\data-driven-surface\data\raw\scraped_images\24_Cities_&_Eyes_2\img_01.jpg,True,,True,1500.0,583.0,True,,a black and white illustration of a city with lots of buildings,neutral,0.0,0.0,0.0,0.0,0.0
24,Cities & Eyes 2,"surreal city architecture, zemrude, along, gaze, mood, neutral atmosphere",2,https://assets.yellowtrace.com.au/wp-content/uploads/2016/08/Osaka-Skyline-Transformed-into-Surreal-Architectural-Vision-Yellowtrace-02.jpg,https://fity.club/lists/suggestions/City-Surreal-Architecture/,City Surreal Architecture,D:\Work\Workspace\Projects\Python\data-driven-surface\data\raw\scraped_images\24_Cities_&_Eyes_2\img_02.jpg,True,,True,1400.0,785.0,True,,a large city with many buildings and a large spiral,neutral,0.0,0.0,0.0,0.0,0.0
24,Cities & Eyes 2,"surreal city architecture, zemrude, along, gaze, mood, neutral atmosphere",3,https://imgcdn.stablediffusionweb.com/2024/10/31/32f06d41-e6d7-4484-a3f8-8eed53ee9fc7.jpg,https://stablediffusionweb.com/image/21407698-bending-city-with-surreal-architecture,Bending City with Surreal Architecture | Stable Diffusion Online,D:\Work\Workspace\Projects\Python\data-driven-surface\data\raw\scraped_images\24_Cities_&_Eyes_2\img_03.jpg,True,,True,1024.0,1024.0,True,,a street scene with colorful graffiti art,joy,0.0,1.0,0.0,0.0,0.0
25,Cities & Names 1,"surreal city architecture, aglaura, khan, grow, exist, joy atmosphere",1,https://i.pinimg.com/736x/8f/bb/a7/8fbba71fe16218a463d687537423ca3a.jpg,https://www.pinterest.com/pin/459507968260299110/,"Pin by Richard on Futuristické mesto in 2025 | Surreal art, Surrealism ...",D:\Work\Workspace\Projects\Python\data-driven-surface\data\raw\scraped_images\25_Cities_&_Names_1\img_01.jpg,True,,True,736.0,1104.0,True,,a futuristic city with a floating island in the middle,desire,0.0,0.0,0.0,0.0,1.0
25,Cities & Names 1,"surreal city architecture, aglaura, khan, grow, exist, joy atmosphere",2,https://assets.yellowtrace.com.au/wp-content/uploads/2016/08/Osaka-Skyline-Transformed-into-Surreal-Architectural-Vision-Yellowtrace-02.jpg,https://fity.club/lists/suggestions/City-Surreal-Architecture/,City Surreal Architecture,D:\Work\Workspace\Projects\Python\data-driven-surface\data\raw\scraped_images\25_Cities_&_Names_1\img_02.jpg,True,,True,1400.0,785.0,True,,a large city with many buildings and a large spiral,neutral,0.0,0.0,0.0,0.0,0.0
25,Cities & Names 1,"surreal city architecture, aglaura, khan, grow, exist, joy atmosphere",3,"https://images.nightcafe.studio/jobs/8hRdyHF1GJsw08WzRBO2/8hRdyHF1GJsw08WzRBO2--0--3tglv.jpg?tr=w-1600,c-at_max",https://creator.nightcafe.studio/creation/8hRdyHF1GJsw08WzRBO2/crazy-building-abstract-art-many-shapes-and-sizes-colorfulplaced-with-many-other-buildings-that-were,Breathtaking Surrealist Cityscape in Vibrant Photo... - AI Art,D:\Work\Workspace\Projects\Python\data-driven-surface\data\raw\scraped_images\25_Cities_&_Names_1\img_03.jpg,True,,True,1024.0,768.0,True,,a city with many buildings and people walking around,neutral,0.0,0.0,0.0,0.0,0.0
26,Thin Cities 5,"surreal city architecture, below, hundreds, choose, believe, fear atmosphere",1,https://img.freepik.com/premium-photo/surreal-cityscape-with-buildings-floating-clouds_14117-278891.jpg?w=2000,https://www.freepik.com/premium-ai-image/surreal-cityscape-with-buildings-floating-clouds_183461395.htm,Premium Photo | Surreal cityscape with buildings floating in the clouds,D:\Work\Workspace\Projects\Python\data-driven-surface\data\raw\scraped_images\26_Thin_Cities_5\img_01.jpg,True,,True,2000.0,1121.0,True,,a city in the clouds with a reflection,neutral,0.0,0.0,0.0,0.0,0.0
26,Thin Cities 5,"surreal city architecture, below, hundreds, choose, believe, fear atmosphere",2,https://assets.yellowtrace.com.au/wp-content/uploads/2016/08/Osaka-Skyline-Transformed-into-Surreal-Architectural-Vision-Yellowtrace-02.jpg,https://fity.club/lists/suggestions/City-Surreal-Architecture/,City Surreal Architecture,D:\Work\Workspace\Projects\Python\data-driven-surface\data\raw\scraped_images\26_Thin_Cities_5\img_02.jpg,True,,True,1400.0,785.0,True,,a large city with many buildings and a large spiral,neutral,0.0,0.0,0.0,0.0,0.0
26,Thin Cities 5,"surreal city architecture, below, hundreds, choose, believe, fear atmosphere",3,https://thumbs.dreamstime.com/b/surreal-dream-city-gravity-defying-buildings-sky-explore-stunning-floating-clouds-creating-ethereal-366425328.jpg,https://www.dreamstime.com/surreal-dream-city-gravity-defying-buildings-sky-explore-stunning-floating-clouds-creating-ethereal-image366425328,Surreal Dream City with Gravity Defying Buildings in the Sky Stock ...,D:\Work\Workspace\Projects\Python\data-driven-surface\data\raw\scraped_images\26_Thin_Cities_5\img_03.jpg,True,,True,800.0,449.0,True,,a city in the clouds with a hot balloon floating above it,desire,0.0,0.0,0.0,0.0,1.0
27,Trading Cities 4,"surreal city architecture, houses, strings, ersilia, relationships, neutral atmosphere",1,https://energy-cities.eu/wp-content/uploads/2023/09/graftingcities_seperateimages_ersilia-716x900.png,https://energy-cities.eu/travel-to-ersilia-where-people-relations-are-more-real-than-buildings/,"Travel to Ersilia, where people relations are more real than buildings ...",D:\Work\Workspace\Projects\Python\data-driven-surface\data\raw\scraped_images\27_Trading_Cities_4\img_01.jpg,True,,True,716.0,900.0,True,,a drawing of a building with a person standing in front of it,neutral,0.0,0.0,0.0,0.0,0.0
27,Trading Cities 4,"surreal city architecture, houses, strings, ersilia, relationships, neutral atmosphere",2,https://assets.yellowtrace.com.au/wp-content/uploads/2016/08/Osaka-Skyline-Transformed-into-Surreal-Architectural-Vision-Yellowtrace-02.jpg,https://fity.club/lists/suggestions/City-Surreal-Architecture/,City Surreal Architecture,D:\Work\Workspace\Projects\Python\data-driven-surface\data\raw\scraped_images\27_Trading_Cities_4\img_02.jpg,True,,True,1400.0,785.0,True,,a large city with many buildings and a large spiral,neutral,0.0,0.0,0.0,0.0,0.0
27,Trading Cities 4,"surreal city architecture, houses, strings, ersilia, relationships, neutral atmosphere",3,https://i.pinimg.com/originals/64/0f/f8/640ff83538db4907d40191cfadc01e20.jpg,https://www.pinterest.com/pin/surreal-city-art-poster-newworlds-art--1022669027866141628/,"Surreal City Art Poster - NewWorlds Art | City art, Art galleries ...",D:\Work\Workspace\Projects\Python\data-driven-surface\data\raw\scraped_images\27_Trading_Cities_4\img_03.jpg,True,,True,2048.0,2048.0,True,,a city with lots of buildings and lots of buildings,neutral,0.0,0.0,0.0,0.0,0.0
28,Cities & Eyes 3,"surreal city architecture, baucis, ground, inhabitants, earth, fear atmosphere",1,https://thumbs.dreamstime.com/b/futuristic-cityscape-organic-architecture-surreal-environment-366084415.jpg,https://www.dreamstime.com/futuristic-cityscape-organic-architecture-surreal-environment-image366084415,Futuristic Cityscape with Organic Architecture in a Surreal Environment ...,D:\Work\Workspace\Projects\Python\data-driven-surface\data\raw\scraped_images\28_Cities_&_Eyes_3\img_01.jpg,True,,True,800.0,800.0,True,,a futuristic city with a lot of buildings,neutral,0.0,0.0,0.0,0.0,0.0
28,Cities & Eyes 3,"surreal city architecture, baucis, ground, inhabitants, earth, fear atmosphere",2,https://cdna.artstation.com/p/assets/images/images/030/695/168/large/igor-olszewski-received-1010622509454470.jpg?1601382071,https://www.artstation.com/artwork/68B0Aw,ArtStation - Surreal city,D:\Work\Workspace\Projects\Python\data-driven-surface\data\raw\scraped_images\28_Cities_&_Eyes_3\img_02.jpg,True,,True,1920.0,2712.0,True,,a painting of a tower with many different buildings,awe,2.0,,,,
28,Cities & Eyes 3,"surreal city architecture, baucis, ground, inhabitants, earth, fear atmosphere",3,https://img.freepik.com/fotos-premium/fantastic-beautiful-architecture-surreal-incredible-buildings-amazing-futuristic-city-buildings-3d-arquitetura-fantastica-bonita-surrealista-edificios-incriveis-edificios-futuristas-edificios-da-cidade-3d_162695-13150.jpg?w=2000,https://br.freepik.com/fotos-premium/fantastic-beautiful-architecture-surreal-incredible-buildings-amazing-futuristic-city-buildings-3d-arquitetura-fantastica-bonita-surrealista-edificios-incriveis-edificios-futuristas-edificios-da-cidade-3d_152748466.htm,Fantastic Beautiful Architecture Surreal Incredible Buildings Amazing ...,D:\Work\Workspace\Projects\Python\data-driven-surface\data\raw\scraped_images\28_Cities_&_Eyes_3\img_03.jpg,True,,True,2000.0,1333.0,True,,a very unusual house,neutral,0.0,0.0,0.0,0.0,0.0
29,Cities & Names 2,"surreal city architecture, houses, penates, lares, leandra, joy atmosphere",1,https://kostyal.com/wp-content/uploads/2016/05/Tibor-Gayor_Red-II_2003_Aluminium_140-x-89-x-93-cm-1365x2048.jpg,https://kostyal.com/exhibitions/lares-et-penates/,Lares et Penates – Carl Kostyál,D:\Work\Workspace\Projects\Python\data-driven-surface\data\raw\scraped_images\29_Cities_&_Names_2\img_01.jpg,True,,True,1365.0,2048.0,True,,a red triangle hanging on a wooden wall,neutral,0.0,0.0,0.0,0.0,0.0
29,Cities & Names 2,"surreal city architecture, houses, penates, lares, leandra, joy atmosphere",2,https://kostyal.com/wp-content/uploads/2016/05/160521-Gayor-web-35-1365x2048.jpg,https://kostyal.com/exhibitions/lares-et-penates/,Lares et Penates – Carl Kostyál,D:\Work\Workspace\Projects\Python\data-driven-surface\data\raw\scraped_images\29_Cities_&_Names_2\img_02.jpg,True,,True,1365.0,2048.0,True,,a red sculpture in a room with a fireplace,neutral,0.0,0.0,0.0,0.0,0.0
29,Cities & Names 2,"surreal city architecture, houses, penates, lares, leandra, joy atmosphere",3,https://kostyal.com/wp-content/uploads/2016/05/160521-Gayor-web-31-2048x1365.jpg,https://kostyal.com/exhibitions/lares-et-penates/,Lares et Penates – Carl Kostyál,D:\Work\Workspace\Projects\Python\data-driven-surface\data\raw\scraped_images\29_Cities_&_Names_2\img_03.jpg,True,,True,2048.0,1365.0,True,,a room with a fireplace and a large wall,neutral,0.0,0.0,0.0,0.0,0.0
30,Cities & The Dead 1,"surreal city architecture, marco, polo, venice, kublai, joy atmosphere",1,https://img.freepik.com/premium-photo/surrealist-venice-melting-clocks-floating-masks_740543-6923.jpg?w=996,https://www.freepik.com/premium-ai-image/surrealist-venice-melting-clocks-floating-masks_250357080.htm,Surrealist Venice Melting Clocks and Floating Masks | Premium AI ...,D:\Work\Workspace\Projects\Python\data-driven-surface\data\raw\scraped_images\30_Cities_&_The_Dead_1\img_01.jpg,True,,True,996.0,996.0,True,,a clock tower with boats in the water,awe,2.0,,,,
30,Cities & The Dead 1,"surreal city architecture, marco, polo, venice, kublai, joy atmosphere",2,https://aiartshop.com/cdn/shop/files/venice-palace-ai-painting-540.webp?v=1707018653,https://aiartshop.com/products/venice-palace,"Venice, Palace, Surreal, Whimsical, Gondola, Fantastical, Vibrant,",D:\Work\Workspace\Projects\Python\data-driven-surface\data\raw\scraped_images\30_Cities_&_The_Dead_1\img_02.jpg,True,,True,1024.0,1024.0,True,,a painting of a house on the water,neutral,0.0,0.0,0.0,0.0,0.0
31,Trading Cities 5,"surreal city architecture, routes, streets, esmeralda, network, joy atmosphere",1,https://img.freepik.com/premium-photo/surreal-streets-city-structure_1015255-154768.jpg?w=900,https://www.freepik.com/premium-ai-image/surreal-streets-city-structure_279363907.htm,Surreal streets city structure in the | Premium AI-generated image,D:\Work\Workspace\Projects\Python\data-driven-surface\data\raw\scraped_images\31_Trading_Cities_5\img_01.jpg,True,,True,692.0,900.0,True,,a futuristic city with a futuristic building and a futuristic car,neutral,0.0,0.0,0.0,0.0,0.0
31,Trading Cities 5,"surreal city architecture, routes, streets, esmeralda, network, joy atmosphere",2,https://img.freepik.com/premium-photo/abstract-futuristic-city-concrete-neon-night-city-view-illumination-dark-street_948265-144020.jpg,https://www.freepik.com/photos/a-surreal-journey-through-streets,"98,000+ A Surreal Journey Through Streets Pictures",D:\Work\Workspace\Projects\Python\data-driven-surface\data\raw\scraped_images\31_Trading_Cities_5\img_02.jpg,True,,True,626.0,626.0,True,,a man walking down a city street at night,neutral,0.0,0.0,0.0,0.0,0.0
31,Trading Cities 5,"surreal city architecture, routes, streets, esmeralda, network, joy atmosphere",3,https://thumbs.dreamstime.com/b/surreal-cityscapes-where-futuristic-architecture-meets-swirling-psychedelic-patterns-vibrant-hues-distorted-perspectives-300978100.jpg,https://www.dreamstime.com/surreal-cityscapes-where-futuristic-architecture-meets-swirling-psychedelic-patterns-vibrant-hues-distorted-perspectives-image300978100,"Illustrations that Surreal Cityscapes, Futuristic Architecture Stock ...",D:\Work\Workspace\Projects\Python\data-driven-surface\data\raw\scraped_images\31_Trading_Cities_5\img_03.jpg,True,,True,800.0,640.0,True,,a painting of a city with many colorful buildings,joy,0.0,1.0,0.0,0.0,0.0
32,Cities & Eyes 4,"surreal city architecture, statues, phyllis, eyes, windows, joy atmosphere",1,https://assets.yellowtrace.com.au/wp-content/uploads/2016/08/Osaka-Skyline-Transformed-into-Surreal-Architectural-Vision-Yellowtrace-02.jpg,https://fity.club/lists/suggestions/City-Surreal-Architecture/,City Surreal Architecture,D:\Work\Workspace\Projects\Python\data-driven-surface\data\raw\scraped_images\32_Cities_&_Eyes_4\img_01.jpg,True,,True,1400.0,785.0,True,,a large city with many buildings and a large spiral,neutral,0.0,0.0,0.0,0.0,0.0
32,Cities & Eyes 4,"surreal city architecture, statues, phyllis, eyes, windows, joy atmosphere",2,https://img-v3.deepdreamgenerator.com/568343/dql5g5_f356d6e44735db3eacc735e850e9d97ed14d3061.jpg,https://deepdreamgenerator.com/ddream/tdd6j52ft4x,Surreal Urban Landscape with Giant Eye and Abstract Buildings | Deep ...,D:\Work\Workspace\Projects\Python\data-driven-surface\data\raw\scraped_images\32_Cities_&_Eyes_4\img_02.jpg,True,,True,1536.0,1536.0,True,,an eye looking at the city,neutral,0.0,0.0,0.0,0.0,0.0
32,Cities & Eyes 4,"surreal city architecture, statues, phyllis, eyes, windows, joy atmosphere",3,https://thumbs.dreamstime.com/b/surreal-floating-eye-shaped-city-clouds-stunning-digital-artwork-like-giant-human-amidst-detailed-architecture-348994993.jpg,https://www.dreamstime.com/surreal-floating-eye-shaped-city-clouds-stunning-digital-artwork-like-giant-human-amidst-detailed-architecture-image348994993,Surreal Floating Eye Shaped City in the Clouds Stock Image - Image of ...,D:\Work\Workspace\Projects\Python\data-driven-surface\data\raw\scraped_images\32_Cities_&_Eyes_4\img_03.jpg,True,,True,800.0,449.0,True,,a large eye in the sky above a city,neutral,0.0,0.0,0.0,0.0,0.0
33,Cities & Names 3,"surreal city architecture, pyrrha, name, never, high, desire atmosphere",1,"https://images.nightcafe.studio/jobs/pkEwcynzHUqe1C70IMUx/pkEwcynzHUqe1C70IMUx--0--lj3jk_7.8125x-real-esrgan-x4-plus.jpg?tr=w-1600,c-at_max",https://creator.nightcafe.studio/creation/pkEwcynzHUqe1C70IMUx/architecture-of-surrealism,Architecture of Surrealism - Surreal Architecture of the Unc...,D:\Work\Workspace\Projects\Python\data-driven-surface\data\raw\scraped_images\33_Cities_&_Names_3\img_01.jpg,True,,True,1600.0,1600.0,True,,a castle like structure floating in the water,awe,2.0,,,,
33,Cities & Names 3,"surreal city architecture, pyrrha, name, never, high, desire atmosphere",2,https://thumbs.dreamstime.com/b/fantasy-floating-city-magical-world-surreal-architecture-imaginative-realm-showcasing-realms-whimsical-cityscapes-perfect-367520108.jpg,https://www.dreamstime.com/fantasy-floating-city-magical-world-surreal-architecture-imaginative-realm-showcasing-realms-whimsical-cityscapes-perfect-image367520108,"Fantasy Floating City, Magical World, Surreal Architecture, and ...",D:\Work\Workspace\Projects\Python\data-driven-surface\data\raw\scraped_images\33_Cities_&_Names_3\img_02.jpg,True,,True,800.0,457.0,True,,fantasy castle in the sky,awe,2.0,,,,
33,Cities & Names 3,"surreal city architecture, pyrrha, name, never, high, desire atmosphere",3,https://assets.yellowtrace.com.au/wp-content/uploads/2016/08/Osaka-Skyline-Transformed-into-Surreal-Architectural-Vision-Yellowtrace-02.jpg,https://fity.club/lists/suggestions/City-Surreal-Architecture/,City Surreal Architecture,D:\Work\Workspace\Projects\Python\data-driven-surface\data\raw\scraped_images\33_Cities_&_Names_3\img_03.jpg,True,,True,1400.0,785.0,True,,a large city with many buildings and a large spiral,neutral,0.0,0.0,0.0,0.0,0.0
34,Cities & The Dead 2,"surreal city architecture, thought, adelma, dead, faces, desire atmosphere",1,https://thumbs.dreamstime.com/b/surreal-dream-city-gravity-defying-buildings-sky-explore-stunning-floating-clouds-creating-ethereal-366425328.jpg,https://www.dreamstime.com/surreal-dream-city-gravity-defying-buildings-sky-explore-stunning-floating-clouds-creating-ethereal-image366425328,Surreal Dream City with Gravity Defying Buildings in the Sky Stock ...,D:\Work\Workspace\Projects\Python\data-driven-surface\data\raw\scraped_images\34_Cities_&_The_Dead_2\img_01.jpg,True,,True,800.0,449.0,True,,a city in the clouds with a hot balloon floating above it,desire,0.0,0.0,0.0,0.0,1.0
34,Cities & The Dead 2,"surreal city architecture, thought, adelma, dead, faces, desire atmosphere",2,https://mymodernmet.com/wp/wp-content/uploads/2019/09/cinta-vidal-mind-bending-illustrations-downtown-nyc.jpg,https://mymodernmet.com/cinta-vidal-surreal-architecture-paintings/,Surreal Architecture Paintings Reimagine Our Relationship to Gravity,D:\Work\Workspace\Projects\Python\data-driven-surface\data\raw\scraped_images\34_Cities_&_The_Dead_2\img_02.jpg,True,,True,1200.0,1200.0,True,,a painting of a city with lots of buildings,neutral,0.0,0.0,0.0,0.0,0.0
34,Cities & The Dead 2,"surreal city architecture, thought, adelma, dead, faces, desire atmosphere",3,https://img.freepik.com/premium-photo/human-face-city-surrealism_911712-9522.jpg?w=2000,https://www.freepik.com/premium-ai-image/human-face-city-surrealism_53623358.htm,Premium AI Image | Human face city surrealism,D:\Work\Workspace\Projects\Python\data-driven-surface\data\raw\scraped_images\34_Cities_&_The_Dead_2\img_03.jpg,True,,True,1121.0,2000.0,True,,a futuristic city in the desert,neutral,0.0,0.0,0.0,0.0,0.0
35,Cities & The Sky 1,"surreal city architecture, carpet, eudoxia, true, perhaps, desire atmosphere",1,"https://static.wixstatic.com/media/b04c14_7f657e53455b4c5ebe3708da5858919e~mv2_d_4961_7051_s_4_2.jpg/v1/fill/w_704,h_1000,al_c,q_85,usm_0.66_1.00_0.01/b04c14_7f657e53455b4c5ebe3708da5858919e~mv2_d_4961_7051_s_4_2.jpg",https://www.yyycarrie.net/single-post/2015/09/22/invisible-city-eudoxia-carpet-city-sky,Invisible City - Eudoxia / Carpet City & Sky,D:\Work\Workspace\Projects\Python\data-driven-surface\data\raw\scraped_images\35_Cities_&_The_Sky_1\img_01.jpg,True,,True,704.0,1000.0,True,,a watercolor painting of a small island with buildings on top,neutral,0.0,0.0,0.0,0.0,0.0
35,Cities & The Sky 1,"surreal city architecture, carpet, eudoxia, true, perhaps, desire atmosphere",2,https://art.ngfiles.com/images/1422000/1422047_atisuto17_eudoxia-the-carpet-city.jpg?f1599829787,https://www.newgrounds.com/art/view/atisuto17/eudoxia-the-carpet-city,"Eudoxia, The Carpet City by The-Robur on Newgrounds",D:\Work\Workspace\Projects\Python\data-driven-surface\data\raw\scraped_images\35_Cities_&_The_Sky_1\img_02.jpg,True,,True,4000.0,2450.0,True,,a drawing of a city with buildings and a fountain,neutral,0.0,0.0,0.0,0.0,0.0
35,Cities & The Sky 1,"surreal city architecture, carpet, eudoxia, true, perhaps, desire atmosphere",3,https://thumbs.dreamstime.com/z/surreal-chess-setting-flying-carpet-views-city-below-surreal-chess-setting-flying-carpet-views-273673603.jpg,https://www.dreamstime.com/surreal-chess-setting-flying-carpet-views-city-below-surreal-chess-setting-flying-carpet-views-image273673603,"Surreal Chess Setting on a Flying Carpet, with Views of the City Below ...",D:\Work\Workspace\Projects\Python\data-driven-surface\data\raw\scraped_images\35_Cities_&_The_Sky_1\img_03.jpg,True,,True,1600.0,1156.0,True,,fantasy castle in the desert royalty illustration,awe,2.0,,,,
36,Cities & Eyes 5,"surreal city architecture, obverse, face, sheet, forded, sadness atmosphere",1,https://imgcdn.stablediffusionweb.com/2024/10/31/32f06d41-e6d7-4484-a3f8-8eed53ee9fc7.jpg,https://stablediffusionweb.com/image/21407698-bending-city-with-surreal-architecture,Bending City with Surreal Architecture | Stable Diffusion Online,D:\Work\Workspace\Projects\Python\data-driven-surface\data\raw\scraped_images\36_Cities_&_Eyes_5\img_01.jpg,True,,True,1024.0,1024.0,True,,a street scene with colorful graffiti art,joy,0.0,1.0,0.0,0.0,0.0
36,Cities & Eyes 5,"surreal city architecture, obverse, face, sheet, forded, sadness atmosphere",2,"https://images-wixmp-ed30a86b8c4ca887773594c2.wixmp.com/f/ae098a88-1ead-4647-937c-e5f4f22611f8/dfs5kwu-428c1d07-3750-45f2-9f95-64b5c9d3ea02.png/v1/fill/w_1000,h_800,q_70,strp/surreal_cityscape_by_eggressive_dfs5kwu-pre.jpg?token=eyJ0eXAiOiJKV1QiLCJhbGciOiJIUzI1NiJ9.eyJzdWIiOiJ1cm46YXBwOjdlMGQxODg5ODIyNjQzNzNhNWYwZDQxNWVhMGQyNmUwIiwiaXNzIjoidXJuOmFwcDo3ZTBkMTg4OTgyMjY0MzczYTVmMGQ0MTVlYTBkMjZlMCIsIm9iaiI6W1t7ImhlaWdodCI6Ijw9OTYwIiwicGF0aCI6IlwvZlwvYWUwOThhODgtMWVhZC00NjQ3LTkzN2MtZTVmNGYyMjYxMWY4XC9kZnM1a3d1LTQyOGMxZDA3LTM3NTAtNDVmMi05Zjk1LTY0YjVjOWQzZWEwMi5wbmciLCJ3aWR0aCI6Ijw9MTIwMCJ9XV0sImF1ZCI6WyJ1cm46c2VydmljZTppbWFnZS5vcGVyYXRpb25zIl19.GUyQABOw8lkMjW-PMht66jDwQRVveErPO-0Jq3euaVY",https://www.deviantart.com/eggressive/art/Surreal-Cityscape-954282270,Surreal Cityscape by eggressive on DeviantArt,D:\Work\Workspace\Projects\Python\data-driven-surface\data\raw\scraped_images\36_Cities_&_Eyes_5\img_02.jpg,True,,True,1000.0,800.0,True,,a city with many buildings and a cloudy sky,neutral,0.0,0.0,0.0,0.0,0.0
36,Cities & Eyes 5,"surreal city architecture, obverse, face, sheet, forded, sadness atmosphere",3,https://thumbs.dreamstime.com/b/surreal-cityscapes-where-futuristic-architecture-meets-swirling-psychedelic-patterns-vibrant-hues-distorted-perspectives-300978129.jpg,https://www.dreamstime.com/surreal-cityscapes-where-futuristic-architecture-meets-swirling-psychedelic-patterns-vibrant-hues-distorted-perspectives-image300978129,"Illustrations that Surreal Cityscapes, Futuristic Architecture Stock ...",D:\Work\Workspace\Projects\Python\data-driven-surface\data\raw\scraped_images\36_Cities_&_Eyes_5\img_03.jpg,True,,True,800.0,640.0,True,,a painting of a city with many buildings,neutral,0.0,0.0,0.0,0.0,0.0
37,Cities & Names 4,"surreal city architecture, clarice, objects, again, splendour, sadness atmosphere",1,https://imgcdn.stablediffusionweb.com/2024/10/31/32f06d41-e6d7-4484-a3f8-8eed53ee9fc7.jpg,https://stablediffusionweb.com/image/21407698-bending-city-with-surreal-architecture,Bending City with Surreal Architecture | Stable Diffusion Online,D:\Work\Workspace\Projects\Python\data-driven-surface\data\raw\scraped_images\37_Cities_&_Names_4\img_01.jpg,True,,True,1024.0,1024.0,True,,a street scene with colorful graffiti art,joy,0.0,1.0,0.0,0.0,0.0
37,Cities & Names 4,"surreal city architecture, clarice, objects, again, splendour, sadness atmosphere",2,https://thumbs.dreamstime.com/b/surreal-city-colorful-buildings-generative-ai-surreal-city-colorful-buildings-284108659.jpg,https://www.dreamstime.com/surreal-city-colorful-buildings-generative-ai-surreal-city-colorful-buildings-image284108659,A Surreal City with a Colorful Buildings Stock Illustration ...,D:\Work\Workspace\Projects\Python\data-driven-surface\data\raw\scraped_images\37_Cities_&_Names_4\img_02.jpg,True,,True,800.0,449.0,True,,a city with lots of buildings and lights,neutral,0.0,0.0,0.0,0.0,0.0
37,Cities & Names 4,"surreal city architecture, clarice, objects, again, splendour, sadness atmosphere",3,https://img.freepik.com/premium-photo/city-with-dome-clock-top_1079995-14.jpg,https://www.freepik.com/free-photos-vectors/surreal-city-art,Surreal City Art Images - Free Download on Freepik,D:\Work\Workspace\Projects\Python\data-driven-surface\data\raw\scraped_images\37_Cities_&_Names_4\img_03.jpg,True,,True,626.0,626.0,True,,a futuristic city with a large glass dome,neutral,0.0,0.0,0.0,0.0,0.0
38,Cities & The Dead 3,"surreal city architecture, eusapia, dead, living, life, fear atmosphere",1,https://imgcdn.stablediffusionweb.com/2025/8/23/1099c06f-e6fd-4032-9a7c-cae16f4d8736.jpg,https://stablediffusionweb.com/image/46766823-surreal-floating-city,Surreal Floating City | Stable Diffusion Online,D:\Work\Workspace\Projects\Python\data-driven-surface\data\raw\scraped_images\38_Cities_&_The_Dead_3\img_01.jpg,True,,True,1024.0,1024.0,True,,a city with a waterfall and a waterfall in the middle,neutral,0.0,0.0,0.0,0.0,0.0
38,Cities & The Dead 3,"surreal city architecture, eusapia, dead, living, life, fear atmosphere",2,https://i.pinimg.com/736x/d9/db/2a/d9db2a74ff9764e15f1d628a1c2736b2.jpg,https://www.pinterest.com/pin/1022669027866958587/,"Surreal City Canvas Print - NewWorlds Art | City art, Digital art ...",D:\Work\Workspace\Projects\Python\data-driven-surface\data\raw\scraped_images\38_Cities_&_The_Dead_3\img_02.jpg,True,,True,736.0,736.0,True,,a large poster with a city in the middle,neutral,0.0,0.0,0.0,0.0,0.0
38,Cities & The Dead 3,"surreal city architecture, eusapia, dead, living, life, fear atmosphere",3,https://img.freepik.com/premium-photo/surreal-city-poster_911712-9224.jpg,https://www.freepik.com/premium-ai-image/surreal-city-poster_53202682.htm,Premium AI Image | surreal city poster,D:\Work\Workspace\Projects\Python\data-driven-surface\data\raw\scraped_images\38_Cities_&_The_Dead_3\img_03.jpg,True,,True,626.0,626.0,True,,a bridge over a river in the sky,neutral,0.0,0.0,0.0,0.0,0.0
39,Cities & The Sky 2,"surreal city architecture, beersheba, polo, kublai, rubbish, joy atmosphere",1,https://www.ignant.com/wp-content/uploads/2016/07/AUJIK_Art__15-1440x1440.jpg,https://www.ignant.com/2016/07/22/a-surreal-vision-of-the-city-as-a-living-organism/,A Surreal Vision Of The City As A Living Organism - IGNANT,D:\Work\Workspace\Projects\Python\data-driven-surface\data\raw\scraped_images\39_Cities_&_The_Sky_2\img_01.jpg,True,,True,1440.0,1440.0,True,,a large yellow plane flying over a city,neutral,0.0,0.0,0.0,0.0,0.0
39,Cities & The Sky 2,"surreal city architecture, beersheba, polo, kublai, rubbish, joy atmosphere",2,https://thumbs.dreamstime.com/b/surreal-city-architecture-gradually-sinking-calm-water-showing-global-warming-concepts-413354094.jpg,https://www.dreamstime.com/surreal-city-architecture-gradually-sinking-calm-water-showing-global-warming-concepts-image413354094,"Surreal City Architecture Gradually Sinking into Calm Water, Showing ...",D:\Work\Workspace\Projects\Python\data-driven-surface\data\raw\scraped_images\39_Cities_&_The_Sky_2\img_02.jpg,True,,True,800.0,533.0,True,,a floating city in the middle of the water,desire,0.0,0.0,0.0,0.0,1.0
39,Cities & The Sky 2,"surreal city architecture, beersheba, polo, kublai, rubbish, joy atmosphere",3,https://img.freepik.com/fotos-premium/fantastic-beautiful-architecture-surreal-incredible-buildings-amazing-futuristic-city-buildings-3d-arquitetura-fantastica-bonita-surrealista-edificios-incriveis-edificios-futuristas-edificios-da-cidade-3d_162695-13150.jpg,https://br.freepik.com/fotos-premium/fantastic-beautiful-architecture-surreal-incredible-buildings-amazing-futuristic-city-buildings-3d-arquitetura-fantastica-bonita-surrealista-edificios-incriveis-edificios-futuristas-edificios-da-cidade-3d_152748466.htm,Fantastic Beautiful Architecture Surreal Incredible Buildings Amazing ...,D:\Work\Workspace\Projects\Python\data-driven-surface\data\raw\scraped_images\39_Cities_&_The_Sky_2\img_03.jpg,True,,True,626.0,417.0,True,,a very unusual house in the middle of the world,neutral,0.0,0.0,0.0,0.0,0.0
40,Cities & Names 5,"surreal city architecture, irene, plateau, down, distance, joy atmosphere",1,https://i.pinimg.com/736x/d9/db/2a/d9db2a74ff9764e15f1d628a1c2736b2.jpg,https://www.pinterest.com/pin/1022669027866958587/,"Surreal City Canvas Print - NewWorlds Art | City art, Digital art ...",D:\Work\Workspace\Projects\Python\data-driven-surface\data\raw\scraped_images\40_Cities_&_Names_5\img_01.jpg,True,,True,736.0,736.0,True,,a large poster with a city in the middle,neutral,0.0,0.0,0.0,0.0,0.0
40,Cities & Names 5,"surreal city architecture, irene, plateau, down, distance, joy atmosphere",2,https://img.freepik.com/premium-photo/surreal-city-poster_911712-9224.jpg,https://www.freepik.com/premium-ai-image/surreal-city-poster_53202682.htm,Premium AI Image | surreal city poster,D:\Work\Workspace\Projects\Python\data-driven-surface\data\raw\scraped_images\40_Cities_&_Names_5\img_02.jpg,True,,True,626.0,626.0,True,,a bridge over a river in the sky,neutral,0.0,0.0,0.0,0.0,0.0
41,Cities & The Dead 4,"surreal city architecture, streets, argia, makes, different, fear atmosphere",1,https://img.freepik.com/premium-photo/surreal-streets-city-structure_1015255-154768.jpg?w=900,https://www.freepik.com/premium-ai-image/surreal-streets-city-structure_279363907.htm,Surreal streets city structure in the | Premium AI-generated image,D:\Work\Workspace\Projects\Python\data-driven-surface\data\raw\scraped_images\41_Cities_&_The_Dead_4\img_01.jpg,True,,True,692.0,900.0,True,,a futuristic city with a futuristic building and a futuristic car,neutral,0.0,0.0,0.0,0.0,0.0
41,Cities & The Dead 4,"surreal city architecture, streets, argia, makes, different, fear atmosphere",2,https://img.freepik.com/premium-photo/surreal-streets-city-structure_1015255-154934.jpg,https://www.freepik.com/premium-ai-image/surreal-streets-city-structure_279364513.htm,Surreal streets city structure in the | Premium AI-generated image,D:\Work\Workspace\Projects\Python\data-driven-surface\data\raw\scraped_images\41_Cities_&_The_Dead_4\img_02.jpg,True,,True,481.0,626.0,True,,a city with pink buildings and a blue sky,neutral,0.0,0.0,0.0,0.0,0.0
41,Cities & The Dead 4,"surreal city architecture, streets, argia, makes, different, fear atmosphere",3,https://img.freepik.com/premium-photo/abstract-futuristic-city-concrete-neon-night-city-view-illumination-dark-street_948265-144020.jpg,https://www.freepik.com/photos/a-surreal-journey-through-streets,"98,000+ A Surreal Journey Through Streets Pictures",D:\Work\Workspace\Projects\Python\data-driven-surface\data\raw\scraped_images\41_Cities_&_The_Dead_4\img_03.jpg,True,,True,626.0,626.0,True,,a man walking down a city street at night,neutral,0.0,0.0,0.0,0.0,0.0
42,Cities & The Sky 3,"surreal city architecture, walls, marco, atlas, shape, joy atmosphere",1,"https://images.nightcafe.studio/jobs/8hRdyHF1GJsw08WzRBO2/8hRdyHF1GJsw08WzRBO2--0--3tglv.jpg?tr=w-1600,c-at_max",https://creator.nightcafe.studio/creation/8hRdyHF1GJsw08WzRBO2/crazy-building-abstract-art-many-shapes-and-sizes-colorfulplaced-with-many-other-buildings-that-were,Breathtaking Surrealist Cityscape in Vibrant Photo... - AI Art,D:\Work\Workspace\Projects\Python\data-driven-surface\data\raw\scraped_images\42_Cities_&_The_Sky_3\img_01.jpg,True,,True,1024.0,768.0,True,,a city with many buildings and people walking around,neutral,0.0,0.0,0.0,0.0,0.0
42,Cities & The Sky 3,"surreal city architecture, walls, marco, atlas, shape, joy atmosphere",2,https://i.pinimg.com/originals/9d/8e/51/9d8e5166917f4142908e51856abf53dd.jpg,https://www.pinterest.com/pin/surreal-city-art-print-with-hanger-newworlds-art-in-2023--1022669027866958905/,"Surreal City Art Print with Hanger - NewWorlds Art | City art, Art ...",D:\Work\Workspace\Projects\Python\data-driven-surface\data\raw\scraped_images\42_Cities_&_The_Sky_3\img_02.jpg,True,,True,2048.0,2048.0,True,,a large poster of a city with lots of buildings,neutral,0.0,0.0,0.0,0.0,0.0
42,Cities & The Sky 3,"surreal city architecture, walls, marco, atlas, shape, joy atmosphere",3,https://assets.yellowtrace.com.au/wp-content/uploads/2016/08/Osaka-Skyline-Transformed-into-Surreal-Architectural-Vision-Yellowtrace-02.jpg,https://fity.club/lists/suggestions/City-Surreal-Architecture/,City Surreal Architecture,D:\Work\Workspace\Projects\Python\data-driven-surface\data\raw\scraped_images\42_Cities_&_The_Sky_3\img_03.jpg,True,,True,1400.0,785.0,True,,a large city with many buildings and a large spiral,neutral,0.0,0.0,0.0,0.0,0.0
43,Cities & The Dead 5,"surreal city architecture, walls, laudomia, living, dead, awe atmosphere",1,https://images.fineartamerica.com/images/artworkimages/mediumlarge/3/surreal-scary-living-city-architecture-01-matthias-hauser.jpg,https://pixels.com/featured/surreal-scary-living-city-architecture-01-matthias-hauser.html,Surreal Scary Living City Architecture 01 Digital Art by Matthias ...,D:\Work\Workspace\Projects\Python\data-driven-surface\data\raw\scraped_images\43_Cities_&_The_Dead_5\img_01.jpg,True,,True,549.0,900.0,True,,a painting of a cityscape with a large face,neutral,0.0,0.0,0.0,0.0,0.0
43,Cities & The Dead 5,"surreal city architecture, walls, laudomia, living, dead, awe atmosphere",2,https://www.ignant.com/wp-content/uploads/2016/07/sldjsf.jpg,https://www.ignant.com/2016/07/22/a-surreal-vision-of-the-city-as-a-living-organism/,A Surreal Vision Of The City As A Living Organism - IGNANT,D:\Work\Workspace\Projects\Python\data-driven-surface\data\raw\scraped_images\43_Cities_&_The_Dead_5\img_02.jpg,True,,True,710.0,480.0,True,,a large building with many pieces of wood on top,neutral,0.0,0.0,0.0,0.0,0.0
43,Cities & The Dead 5,"surreal city architecture, walls, laudomia, living, dead, awe atmosphere",3,https://img.freepik.com/premium-photo/vivid-mural-depicting-imaginative-surreal-city-scene-with-floating-figures-classical-architecture_1099133-47297.jpg,https://www.freepik.com/premium-ai-image/vivid-mural-depicting-imaginative-surreal-city-scene-with-floating-figures-classical-architecture_270410486.htm,Vivid mural depicting an imaginative surreal city scene with floating ...,D:\Work\Workspace\Projects\Python\data-driven-surface\data\raw\scraped_images\43_Cities_&_The_Dead_5\img_03.jpg,True,,True,626.0,351.0,True,,a painting of a street scene with a man walking down the middle of the street,neutral,0.0,0.0,0.0,0.0,0.0
44,Cities & The Sky 4,"surreal city architecture, year, happy, perinthia, room, joy atmosphere",1,https://images.stockcake.com/public/6/f/e/6fea3ba0-ccd4-4397-b09a-e1135f2153ee_large/surreal-trophy-hall-stockcake.jpg,https://stockcake.com/s/surreal-architecture,Free Surreal Architecture Images | Download at StockCake,D:\Work\Workspace\Projects\Python\data-driven-surface\data\raw\scraped_images\44_Cities_&_The_Sky_4\img_01.jpg,True,,True,672.0,384.0,True,,the museum of the royal palace in stockholm,awe,2.0,,,,
44,Cities & The Sky 4,"surreal city architecture, year, happy, perinthia, room, joy atmosphere",2,"https://images-wixmp-ed30a86b8c4ca887773594c2.wixmp.com/f/faa48d2d-12c2-43d1-bf23-b5e99857825b/ddatc0c-704cf601-ae1b-40d7-aa26-0e534f84ed4f.png/v1/fill/w_1280,h_720,q_80,strp/surreal_city_by_ellysiumn_ddatc0c-fullview.jpg?token=eyJ0eXAiOiJKV1QiLCJhbGciOiJIUzI1NiJ9.eyJzdWIiOiJ1cm46YXBwOjdlMGQxODg5ODIyNjQzNzNhNWYwZDQxNWVhMGQyNmUwIiwiaXNzIjoidXJuOmFwcDo3ZTBkMTg4OTgyMjY0MzczYTVmMGQ0MTVlYTBkMjZlMCIsIm9iaiI6W1t7ImhlaWdodCI6Ijw9NzIwIiwicGF0aCI6IlwvZlwvZmFhNDhkMmQtMTJjMi00M2QxLWJmMjMtYjVlOTk4NTc4MjViXC9kZGF0YzBjLTcwNGNmNjAxLWFlMWItNDBkNy1hYTI2LTBlNTM0Zjg0ZWQ0Zi5wbmciLCJ3aWR0aCI6Ijw9MTI4MCJ9XV0sImF1ZCI6WyJ1cm46c2VydmljZTppbWFnZS5vcGVyYXRpb25zIl19.AQ4Rkid_ayUl37gs_xwv7uFrG_LhobySAnCn0O8lN9E",https://www.deviantart.com/ellysiumn/art/Surreal-City-804225036,Surreal City by Ellysiumn on DeviantArt,D:\Work\Workspace\Projects\Python\data-driven-surface\data\raw\scraped_images\44_Cities_&_The_Sky_4\img_02.jpg,True,,True,1280.0,720.0,True,,a city at night with a full moon,neutral,0.0,0.0,0.0,0.0,0.0
44,Cities & The Sky 4,"surreal city architecture, year, happy, perinthia, room, joy atmosphere",3,https://thumbs.dreamstime.com/b/surreal-city-colorful-buildings-generative-ai-surreal-city-colorful-buildings-284108685.jpg,https://www.dreamstime.com/surreal-city-colorful-buildings-generative-ai-surreal-city-colorful-buildings-image284108685,A Surreal City with a Colorful Buildings Stock Illustration ...,D:\Work\Workspace\Projects\Python\data-driven-surface\data\raw\scraped_images\44_Cities_&_The_Sky_4\img_03.jpg,True,,True,800.0,449.0,True,,a city with lots of buildings and people,neutral,0.0,0.0,0.0,0.0,0.0
45,Cities & The Sky 5,"surreal city architecture, change, another, penthesilea, unjust, joy atmosphere",1,https://assets.yellowtrace.com.au/wp-content/uploads/2016/08/Osaka-Skyline-Transformed-into-Surreal-Architectural-Vision-Yellowtrace-02.jpg,https://fity.club/lists/suggestions/City-Surreal-Architecture/,City Surreal Architecture,D:\Work\Workspace\Projects\Python\data-driven-surface\data\raw\scraped_images\45_Cities_&_The_Sky_5\img_01.jpg,True,,True,1400.0,785.0,True,,a large city with many buildings and a large spiral,neutral,0.0,0.0,0.0,0.0,0.0
45,Cities & The Sky 5,"surreal city architecture, change, another, penthesilea, unjust, joy atmosphere",2,https://thumbs.dreamstime.com/b/breathtaking-surreal-city-whimsical-towers-bridges-stairways-blending-fantasy-medieval-aesthetics-intricate-365736391.jpg,https://www.dreamstime.com/breathtaking-surreal-city-whimsical-towers-bridges-stairways-blending-fantasy-medieval-aesthetics-intricate-image365736391,Fantastical Cityscape with Intricate Architecture Stock Image - Image ...,D:\Work\Workspace\Projects\Python\data-driven-surface\data\raw\scraped_images\45_Cities_&_The_Sky_5\img_02.jpg,True,,True,800.0,800.0,True,,a castle with lots of windows and lots of windows,awe,2.0,,,,
45,Cities & The Sky 5,"surreal city architecture, change, another, penthesilea, unjust, joy atmosphere",3,https://img.freepik.com/premium-photo/painting-surreal-city-with-staircase-leading-bridge-generative-ai_958098-20282.jpg?w=2000,https://www.freepik.com/premium-ai-image/painting-surreal-city-with-staircase-leading-bridge-generative-ai_58486774.htm,Premium AI Image | Painting of a surreal city with a staircase leading ...,D:\Work\Workspace\Projects\Python\data-driven-surface\data\raw\scraped_images\45_Cities_&_The_Sky_5\img_03.jpg,True,,True,2000.0,2000.0,True,,a surreal city with stairs leading to the sky,desire,,,,,2.0
