unit_id,city_group,dominant_emotion,keywords,matched_city_type,image_rank,title,image_url,local_path,score
1,Cities & Memory 1,joy,"['evening', 'leaving', 'proceeding', 'east', 'reach', 'diomira', 'sixty', 'silver', 'domes', 'bronze', 'statues', 'gods']",vertical_city,1,Lights of Awareness,https://live.staticflickr.com/3950/14914314754_c51ba61490_c.jpg,D:\Work\Workspace\Projects\Python\data-driven-surface\data\raw\flickr_images\vertical_city\vertical_city_0.jpg,8
1,Cities & Memory 1,joy,"['evening', 'leaving', 'proceeding', 'east', 'reach', 'diomira', 'sixty', 'silver', 'domes', 'bronze', 'statues', 'gods']",circular_city,2,"Golden Statues & Eiffel Tower Viewed From The Palais De Chaillot, Paris, France.",https://live.staticflickr.com/65535/52237009217_c3a123152d_c.jpg,D:\Work\Workspace\Projects\Python\data-driven-surface\data\raw\flickr_images\circular_city\circular_city_6.jpg,7
1,Cities & Memory 1,joy,"['evening', 'leaving', 'proceeding', 'east', 'reach', 'diomira', 'sixty', 'silver', 'domes', 'bronze', 'statues', 'gods']",ruin_city,3,Dystopian,https://live.staticflickr.com/3953/15477020460_631cd4e82a_c.jpg,D:\Work\Workspace\Projects\Python\data-driven-surface\data\raw\flickr_images\ruin_city\ruin_city_52.jpg,5
2,Cities & Memory 2,desire,"['isidora', 'spiral', 'young', 'rides', 'wild', 'regions', 'feels', 'desire', 'finally', 'buildings', 'staircases', 'encrusted']",surreal_city,1,The Stars Are Out Tonight,https://live.staticflickr.com/65535/54577326738_95456d2cf2_c.jpg,D:\Work\Workspace\Projects\Python\data-driven-surface\data\raw\flickr_images\surreal_city\surreal_city_4.jpg,7
2,Cities & Memory 2,desire,"['isidora', 'spiral', 'young', 'rides', 'wild', 'regions', 'feels', 'desire', 'finally', 'buildings', 'staircases', 'encrusted']",floating_city,2,Fantasy in Dream 2011,https://live.staticflickr.com/8845/18449968065_c8ae5d180c_c.jpg,D:\Work\Workspace\Projects\Python\data-driven-surface\data\raw\flickr_images\floating_city\floating_city_3.jpg,4
2,Cities & Memory 2,desire,"['isidora', 'spiral', 'young', 'rides', 'wild', 'regions', 'feels', 'desire', 'finally', 'buildings', 'staircases', 'encrusted']",desert_city,3,A City By Day Just Isn’t the Same,https://live.staticflickr.com/5146/5691799788_1894ce149b_c.jpg,D:\Work\Workspace\Projects\Python\data-driven-surface\data\raw\flickr_images\desert_city\desert_city_4.jpg,3
3,Cities & Desire 1,desire,"['dorothea', 'quarters', 'morning', 'desert', 'caravan', 'routes', 'ways', 'describing', 'aluminium', 'towers', 'rise', 'walls']",desert_city,1,Coastal Dubai,https://live.staticflickr.com/4051/4708242980_34e36fa6c2_c.jpg,D:\Work\Workspace\Projects\Python\data-driven-surface\data\raw\flickr_images\desert_city\desert_city_39.jpg,15
3,Cities & Desire 1,desire,"['dorothea', 'quarters', 'morning', 'desert', 'caravan', 'routes', 'ways', 'describing', 'aluminium', 'towers', 'rise', 'walls']",vertical_city,2,Dystopian Shard,https://live.staticflickr.com/705/31620092615_a8364a0673_c.jpg,D:\Work\Workspace\Projects\Python\data-driven-surface\data\raw\flickr_images\vertical_city\vertical_city_31.jpg,12
3,Cities & Desire 1,desire,"['dorothea', 'quarters', 'morning', 'desert', 'caravan', 'routes', 'ways', 'describing', 'aluminium', 'towers', 'rise', 'walls']",surreal_city,3,The dreamlike place,https://live.staticflickr.com/65535/54132113904_bb5bfb2ce5_c.jpg,D:\Work\Workspace\Projects\Python\data-driven-surface\data\raw\flickr_images\surreal_city\surreal_city_8.jpg,8
4,Cities & Memory 3,neutral,"['past', 'zaira', 'tell', 'steps', 'streets', 'telling', 'height', 'lamppost', 'railing', 'guttering', 'gunboat', 'dock']",layered_city,1,2017 - Montreal - Row Housing Stairs,https://live.staticflickr.com/4359/37351165081_f574fd82af_c.jpg,D:\Work\Workspace\Projects\Python\data-driven-surface\data\raw\flickr_images\layered_city\layered_city_39.jpg,9
4,Cities & Memory 3,neutral,"['past', 'zaira', 'tell', 'steps', 'streets', 'telling', 'height', 'lamppost', 'railing', 'guttering', 'gunboat', 'dock']",desert_city,2,"Seen from Burj Khalifa. Dubai, United Arab Emirates",https://live.staticflickr.com/7413/10105024005_6f693efe44_c.jpg,D:\Work\Workspace\Projects\Python\data-driven-surface\data\raw\flickr_images\desert_city\desert_city_59.jpg,6
4,Cities & Memory 3,neutral,"['past', 'zaira', 'tell', 'steps', 'streets', 'telling', 'height', 'lamppost', 'railing', 'guttering', 'gunboat', 'dock']",surreal_city,3,ghost luggage,https://live.staticflickr.com/65535/54366895467_85899423f2_c.jpg,D:\Work\Workspace\Projects\Python\data-driven-surface\data\raw\flickr_images\surreal_city\surreal_city_5.jpg,4
5,Cities & Desire 2,desire,"['anastasia', 'desire', 'sometimes', 'agate', 'onyx', 'chrysoprase', 'desires', 'form', 'moving', 'southward', 'upon', 'concentric']",circular_city,1,"Eiffel Tower, Champ De Mars, Paris, France.",https://live.staticflickr.com/65535/52237996401_f5fe00fc14_c.jpg,D:\Work\Workspace\Projects\Python\data-driven-surface\data\raw\flickr_images\circular_city\circular_city_8.jpg,8
5,Cities & Desire 2,desire,"['anastasia', 'desire', 'sometimes', 'agate', 'onyx', 'chrysoprase', 'desires', 'form', 'moving', 'southward', 'upon', 'concentric']",vertical_city,2,The Secret Spots in Tokyo,https://live.staticflickr.com/2564/4077315602_d0eb5ffde4_c.jpg,D:\Work\Workspace\Projects\Python\data-driven-surface\data\raw\flickr_images\vertical_city\vertical_city_39.jpg,5
5,Cities & Desire 2,desire,"['anastasia', 'desire', 'sometimes', 'agate', 'onyx', 'chrysoprase', 'desires', 'form', 'moving', 'southward', 'upon', 'concentric']",floating_city,3,Fantasy in Dream 2011,https://live.staticflickr.com/8845/18449968065_c8ae5d180c_c.jpg,D:\Work\Workspace\Projects\Python\data-driven-surface\data\raw\flickr_images\floating_city\floating_city_3.jpg,4
6,Cities & Signs 1,sadness,"['sign', 'tamara', 'trees', 'stones', 'streets', 'thick', 'statues', 'signs', 'clouds', 'walk', 'rarely', 'light']",ruin_city,1,Dystopian,https://live.staticflickr.com/3953/15477020460_631cd4e82a_c.jpg,D:\Work\Workspace\Projects\Python\data-driven-surface\data\raw\flickr_images\ruin_city\ruin_city_52.jpg,15
6,Cities & Signs 1,sadness,"['sign', 'tamara', 'trees', 'stones', 'streets', 'thick', 'statues', 'signs', 'clouds', 'walk', 'rarely', 'light']",vertical_city,2,221001134154,https://live.staticflickr.com/65535/52434042853_7ddfede664_c.jpg,D:\Work\Workspace\Projects\Python\data-driven-surface\data\raw\flickr_images\vertical_city\vertical_city_44.jpg,9
6,Cities & Signs 1,sadness,"['sign', 'tamara', 'trees', 'stones', 'streets', 'thick', 'statues', 'signs', 'clouds', 'walk', 'rarely', 'light']",surreal_city,3,Ethereal Autumn,https://live.staticflickr.com/1331/5101520263_571c8dbb9d_c.jpg,D:\Work\Workspace\Projects\Python\data-driven-surface\data\raw\flickr_images\surreal_city\surreal_city_51.jpg,7
7,Cities & Memory 4,desire,"['zora', 'point', 'streets', 'memory', 'houses', 'along', 'order', 'beyond', 'rivers', 'mountain', 'ranges', 'rises']",surreal_city,1,The Stars Are Out Tonight,https://live.staticflickr.com/65535/54577326738_95456d2cf2_c.jpg,D:\Work\Workspace\Projects\Python\data-driven-surface\data\raw\flickr_images\surreal_city\surreal_city_4.jpg,4
7,Cities & Memory 4,desire,"['zora', 'point', 'streets', 'memory', 'houses', 'along', 'order', 'beyond', 'rivers', 'mountain', 'ranges', 'rises']",floating_city,2,Fantasy in Dream 2011,https://live.staticflickr.com/8845/18449968065_c8ae5d180c_c.jpg,D:\Work\Workspace\Projects\Python\data-driven-surface\data\raw\flickr_images\floating_city\floating_city_3.jpg,4
7,Cities & Memory 4,desire,"['zora', 'point', 'streets', 'memory', 'houses', 'along', 'order', 'beyond', 'rivers', 'mountain', 'ranges', 'rises']",desert_city,3,Dubai Marina,https://live.staticflickr.com/5564/14784287001_7584104651_c.jpg,D:\Work\Workspace\Projects\Python\data-driven-surface\data\raw\flickr_images\desert_city\desert_city_18.jpg,3
8,Cities & Desire 3,neutral,"['camel', 'thinks', 'desert', 'despina', 'ship', 'different', 'driver', 'sees', 'knows', 'away', 'sailor', 'form']",desert_city,1,Dubai Creek,https://live.staticflickr.com/8482/8180378578_548362c417_c.jpg,D:\Work\Workspace\Projects\Python\data-driven-surface\data\raw\flickr_images\desert_city\desert_city_46.jpg,12
8,Cities & Desire 3,neutral,"['camel', 'thinks', 'desert', 'despina', 'ship', 'different', 'driver', 'sees', 'knows', 'away', 'sailor', 'form']",vertical_city,2,The Spaceship of Tokyo,https://live.staticflickr.com/4020/4445450019_3f4a758e31_c.jpg,D:\Work\Workspace\Projects\Python\data-driven-surface\data\raw\flickr_images\vertical_city\vertical_city_41.jpg,6
8,Cities & Desire 3,neutral,"['camel', 'thinks', 'desert', 'despina', 'ship', 'different', 'driver', 'sees', 'knows', 'away', 'sailor', 'form']",ruin_city,3,Abandoned graves,https://live.staticflickr.com/4240/35329703955_4d1f3537bd_c.jpg,D:\Work\Workspace\Projects\Python\data-driven-surface\data\raw\flickr_images\ruin_city\ruin_city_3.jpg,3
9,Cities & Signs 2,desire,"['zirma', 'blind', 'black', 'girl', 'puma', 'redundant', 'repeats', 'memory', 'travellers', 'return', 'distinct', 'memories']",surreal_city,1,The Stars Are Out Tonight,https://live.staticflickr.com/65535/54577326738_95456d2cf2_c.jpg,D:\Work\Workspace\Projects\Python\data-driven-surface\data\raw\flickr_images\surreal_city\surreal_city_4.jpg,7
9,Cities & Signs 2,desire,"['zirma', 'blind', 'black', 'girl', 'puma', 'redundant', 'repeats', 'memory', 'travellers', 'return', 'distinct', 'memories']",floating_city,2,Fantasy in Dream 2011,https://live.staticflickr.com/8845/18449968065_c8ae5d180c_c.jpg,D:\Work\Workspace\Projects\Python\data-driven-surface\data\raw\flickr_images\floating_city\floating_city_3.jpg,4
9,Cities & Signs 2,desire,"['zirma', 'blind', 'black', 'girl', 'puma', 'redundant', 'repeats', 'memory', 'travellers', 'return', 'distinct', 'memories']",vertical_city,3,Vertical Infinity,https://live.staticflickr.com/65535/53806687970_16c4e08ef7_c.jpg,D:\Work\Workspace\Projects\Python\data-driven-surface\data\raw\flickr_images\vertical_city\vertical_city_38.jpg,3
10,Thin Cities 1,desire,"['marco', 'past', 'khan', 'polo', 'place', 'great', 'kublai', 'imagined', 'empire', 'question', 'isaura', 'lake']",desert_city,1,Where the streets have no name..,https://live.staticflickr.com/6158/6186017968_b6414021a0_c.jpg,D:\Work\Workspace\Projects\Python\data-driven-surface\data\raw\flickr_images\desert_city\desert_city_1.jpg,6
10,Thin Cities 1,desire,"['marco', 'past', 'khan', 'polo', 'place', 'great', 'kublai', 'imagined', 'empire', 'question', 'isaura', 'lake']",surreal_city,2,A Secret Place,https://live.staticflickr.com/7158/6802016909_206ec9fc90_c.jpg,D:\Work\Workspace\Projects\Python\data-driven-surface\data\raw\flickr_images\surreal_city\surreal_city_1.jpg,5
10,Thin Cities 1,desire,"['marco', 'past', 'khan', 'polo', 'place', 'great', 'kublai', 'imagined', 'empire', 'question', 'isaura', 'lake']",floating_city,3,Fantasy in Dream 2011,https://live.staticflickr.com/8845/18449968065_c8ae5d180c_c.jpg,D:\Work\Workspace\Projects\Python\data-driven-surface\data\raw\flickr_images\floating_city\floating_city_3.jpg,4
11,Cities & Memory 5,desire,"['maurilia', 'place', 'postcards', 'traveller', 'inhabitants', 'metropolis', 'provincial', 'different', 'another', 'name', 'invited', 'visit']",desert_city,1,Where the streets have no name..,https://live.staticflickr.com/6158/6186017968_b6414021a0_c.jpg,D:\Work\Workspace\Projects\Python\data-driven-surface\data\raw\flickr_images\desert_city\desert_city_1.jpg,6
11,Cities & Memory 5,desire,"['maurilia', 'place', 'postcards', 'traveller', 'inhabitants', 'metropolis', 'provincial', 'different', 'another', 'name', 'invited', 'visit']",monumental_city,2,PALAIS ROYAL D'AMSTERDAM MAI 2014,https://live.staticflickr.com/5608/15605767481_fec8c5ea2a_c.jpg,D:\Work\Workspace\Projects\Python\data-driven-surface\data\raw\flickr_images\monumental_city\monumental_city_26.jpg,6
11,Cities & Memory 5,desire,"['maurilia', 'place', 'postcards', 'traveller', 'inhabitants', 'metropolis', 'provincial', 'different', 'another', 'name', 'invited', 'visit']",circular_city,3,"Eiffel Tower, Champ De Mars, Paris, France.",https://live.staticflickr.com/65535/52238005018_143e3bd0b2_c.jpg,D:\Work\Workspace\Projects\Python\data-driven-surface\data\raw\flickr_images\circular_city\circular_city_4.jpg,5
12,Cities & Desire 4,desire,"['fedora', 'globe', 'possible', 'stone', 'building', 'room', 'looking', 'model', 'imagined', 'longer', 'glass', 'globes']",vertical_city,1,Tomorrow Is Yesterday - Futuristic City London,https://live.staticflickr.com/7320/8721695315_74ba5e7c59_c.jpg,D:\Work\Workspace\Projects\Python\data-driven-surface\data\raw\flickr_images\vertical_city\vertical_city_34.jpg,9
12,Cities & Desire 4,desire,"['fedora', 'globe', 'possible', 'stone', 'building', 'room', 'looking', 'model', 'imagined', 'longer', 'glass', 'globes']",surreal_city,2,Model Building,https://live.staticflickr.com/4065/4477631689_911f24cac5_c.jpg,D:\Work\Workspace\Projects\Python\data-driven-surface\data\raw\flickr_images\surreal_city\surreal_city_2.jpg,8
12,Cities & Desire 4,desire,"['fedora', 'globe', 'possible', 'stone', 'building', 'room', 'looking', 'model', 'imagined', 'longer', 'glass', 'globes']",desert_city,3,Where the streets have no name..,https://live.staticflickr.com/6158/6186017968_b6414021a0_c.jpg,D:\Work\Workspace\Projects\Python\data-driven-surface\data\raw\flickr_images\desert_city\desert_city_1.jpg,6
13,Cities & Signs 3,neutral,"['different', 'mind', 'features', 'existence', 'travelling', 'know', 'awaiting', 'along', 'route', 'wonders', 'palace', 'barracks']",monumental_city,1,PLAZA DE SANTA ANA MADRID 5443 1-1-2016,https://live.staticflickr.com/5794/23488325333_e83436cf23_c.jpg,D:\Work\Workspace\Projects\Python\data-driven-surface\data\raw\flickr_images\monumental_city\monumental_city_6.jpg,6
13,Cities & Signs 3,neutral,"['different', 'mind', 'features', 'existence', 'travelling', 'know', 'awaiting', 'along', 'route', 'wonders', 'palace', 'barracks']",ruin_city,2,"The palace of shame that makes China angry... solemn act of retribution.. ""I shall see before my mind's eye some scene from those grounds, those palaces, and ever regret the stern but just necessity which laid them in ashes.""James M'Ghee",https://live.staticflickr.com/2863/33440885981_8aacb0d4ac_c.jpg,D:\Work\Workspace\Projects\Python\data-driven-surface\data\raw\flickr_images\ruin_city\ruin_city_55.jpg,6
13,Cities & Signs 3,neutral,"['different', 'mind', 'features', 'existence', 'travelling', 'know', 'awaiting', 'along', 'route', 'wonders', 'palace', 'barracks']",vertical_city,3,"Wien, 3. Bezirk (Schloss Belvedere), Palacio de Belvedere, Belvedere Palace, Palazzo di Belvedere, le Palais de Belvedere",https://live.staticflickr.com/7146/6400066581_9f428c5584_c.jpg,D:\Work\Workspace\Projects\Python\data-driven-surface\data\raw\flickr_images\vertical_city\vertical_city_46.jpg,3
14,Thin Cities 2,joy,"['zenobia', 'pilings', 'another', 'give', 'form', 'whether', 'perhaps', 'happy', 'always', 'desires', 'tell', 'wonderful']",vertical_city,1,The Secret Spots in Tokyo,https://live.staticflickr.com/2564/4077315602_d0eb5ffde4_c.jpg,D:\Work\Workspace\Projects\Python\data-driven-surface\data\raw\flickr_images\vertical_city\vertical_city_39.jpg,5
14,Thin Cities 2,joy,"['zenobia', 'pilings', 'another', 'give', 'form', 'whether', 'perhaps', 'happy', 'always', 'desires', 'tell', 'wonderful']",circular_city,2,"Golden Statues & Eiffel Tower Viewed From The Palais De Chaillot, Paris, France.",https://live.staticflickr.com/65535/52237009217_c3a123152d_c.jpg,D:\Work\Workspace\Projects\Python\data-driven-surface\data\raw\flickr_images\circular_city\circular_city_6.jpg,4
14,Thin Cities 2,joy,"['zenobia', 'pilings', 'another', 'give', 'form', 'whether', 'perhaps', 'happy', 'always', 'desires', 'tell', 'wonderful']",desert_city,3,"Trippin to Mesa, Az. & Vegas, visiting family and friends",https://live.staticflickr.com/5285/5364267055_5fdcc54d11_c.jpg,D:\Work\Workspace\Projects\Python\data-driven-surface\data\raw\flickr_images\desert_city\desert_city_30.jpg,4
15,Trading Cities 1,joy,"['marco', 'words', 'journey', 'another', 'objects', 'gestures', 'hands', 'mind', 'euphemia', 'filled', 'great', 'around']",circular_city,1,"Golden Statues & Eiffel Tower Viewed From The Palais De Chaillot, Paris, France.",https://live.staticflickr.com/65535/52237009217_c3a123152d_c.jpg,D:\Work\Workspace\Projects\Python\data-driven-surface\data\raw\flickr_images\circular_city\circular_city_6.jpg,7
15,Trading Cities 1,joy,"['marco', 'words', 'journey', 'another', 'objects', 'gestures', 'hands', 'mind', 'euphemia', 'filled', 'great', 'around']",desert_city,2,Where the streets have no name..,https://live.staticflickr.com/6158/6186017968_b6414021a0_c.jpg,D:\Work\Workspace\Projects\Python\data-driven-surface\data\raw\flickr_images\desert_city\desert_city_1.jpg,5
15,Trading Cities 1,joy,"['marco', 'words', 'journey', 'another', 'objects', 'gestures', 'hands', 'mind', 'euphemia', 'filled', 'great', 'around']",monumental_city,3,27371,https://live.staticflickr.com/4163/34539126392_4a1de17134_c.jpg,D:\Work\Workspace\Projects\Python\data-driven-surface\data\raw\flickr_images\monumental_city\monumental_city_32.jpg,3
16,Cities & Desire 5,desire,"['dream', 'streets', 'zobeide', 'woman', 'arrive', 'night', 'dreamed', 'lost', 'found', 'spot', 'escape', 'again']",surreal_city,1,The Stars Are Out Tonight,https://live.staticflickr.com/65535/54577326738_95456d2cf2_c.jpg,D:\Work\Workspace\Projects\Python\data-driven-surface\data\raw\flickr_images\surreal_city\surreal_city_43.jpg,16
16,Cities & Desire 5,desire,"['dream', 'streets', 'zobeide', 'woman', 'arrive', 'night', 'dreamed', 'lost', 'found', 'spot', 'escape', 'again']",vertical_city,2,Tokyo Kabukicho Tower,https://live.staticflickr.com/65535/54155174481_678cc38e19_c.jpg,D:\Work\Workspace\Projects\Python\data-driven-surface\data\raw\flickr_images\vertical_city\vertical_city_58.jpg,9
16,Cities & Desire 5,desire,"['dream', 'streets', 'zobeide', 'woman', 'arrive', 'night', 'dreamed', 'lost', 'found', 'spot', 'escape', 'again']",floating_city,3,Fantasy in Dream 2011,https://live.staticflickr.com/8845/18449968065_c8ae5d180c_c.jpg,D:\Work\Workspace\Projects\Python\data-driven-surface\data\raw\flickr_images\floating_city\floating_city_3.jpg,7
17,Cities & Signs 4,joy,"['hypatia', 'language', 'know', 'entered', 'garden', 'young', 'beautiful', 'eyes', 'highest', 'down', 'sought', 'grave']",circular_city,1,"Golden Statues & Eiffel Tower Viewed From The Palais De Chaillot, Paris, France.",https://live.staticflickr.com/65535/52237009217_c3a123152d_c.jpg,D:\Work\Workspace\Projects\Python\data-driven-surface\data\raw\flickr_images\circular_city\circular_city_6.jpg,10
17,Cities & Signs 4,joy,"['hypatia', 'language', 'know', 'entered', 'garden', 'young', 'beautiful', 'eyes', 'highest', 'down', 'sought', 'grave']",vertical_city,2,Central Park Sydney,https://live.staticflickr.com/7586/17033501677_6ccd0e2a67_c.jpg,D:\Work\Workspace\Projects\Python\data-driven-surface\data\raw\flickr_images\vertical_city\vertical_city_12.jpg,8
17,Cities & Signs 4,joy,"['hypatia', 'language', 'know', 'entered', 'garden', 'young', 'beautiful', 'eyes', 'highest', 'down', 'sought', 'grave']",desert_city,3,A City By Day Just Isn’t the Same,https://live.staticflickr.com/5146/5691799788_1894ce149b_c.jpg,D:\Work\Workspace\Projects\Python\data-driven-surface\data\raw\flickr_images\desert_city\desert_city_4.jpg,6
18,Thin Cities 3,neutral,"['water', 'pipes', 'armilla', 'showers', 'whether', 'floors', 'seem', 'taps', 'young', 'nymphs', 'unfinished', 'demolished']",vertical_city,1,Up,https://live.staticflickr.com/65535/49870993056_d500390885_c.jpg,D:\Work\Workspace\Projects\Python\data-driven-surface\data\raw\flickr_images\vertical_city\vertical_city_36.jpg,3
18,Thin Cities 3,neutral,"['water', 'pipes', 'armilla', 'showers', 'whether', 'floors', 'seem', 'taps', 'young', 'nymphs', 'unfinished', 'demolished']",desert_city,2,,https://live.staticflickr.com/8717/16673977260_0b722d3df0_c.jpg,D:\Work\Workspace\Projects\Python\data-driven-surface\data\raw\flickr_images\desert_city\desert_city_44.jpg,3
18,Thin Cities 3,neutral,"['water', 'pipes', 'armilla', 'showers', 'whether', 'floors', 'seem', 'taps', 'young', 'nymphs', 'unfinished', 'demolished']",ruin_city,3,j,https://live.staticflickr.com/6041/6310529395_ed6d5b0b26_c.jpg,D:\Work\Workspace\Projects\Python\data-driven-surface\data\raw\flickr_images\ruin_city\ruin_city_24.jpg,3
19,Trading Cities 2,neutral,"['eyes', 'along', 'chloe', 'another', 'meetings', 'stopping', 'twirling', 'woman', 'beneath', 'great', 'move', 'streets']",vertical_city,1,"Shanghai, a vertical city",https://live.staticflickr.com/3871/15061621629_3d49f86be9_c.jpg,D:\Work\Workspace\Projects\Python\data-driven-surface\data\raw\flickr_images\vertical_city\vertical_city_2.jpg,3
19,Trading Cities 2,neutral,"['eyes', 'along', 'chloe', 'another', 'meetings', 'stopping', 'twirling', 'woman', 'beneath', 'great', 'move', 'streets']",circular_city,2,"Louvre Palace... Tuileries Gardens...It was intended to ""equal in greatness and magnificence that of the Château de Versailles""",https://live.staticflickr.com/65535/54305589792_2c0590d3cb_c.jpg,D:\Work\Workspace\Projects\Python\data-driven-surface\data\raw\flickr_images\circular_city\circular_city_18.jpg,3
19,Trading Cities 2,neutral,"['eyes', 'along', 'chloe', 'another', 'meetings', 'stopping', 'twirling', 'woman', 'beneath', 'great', 'move', 'streets']",monumental_city,3,Curzon Street Birmingham 9th May 2016,https://live.staticflickr.com/1903/43172650200_275e2b05af_c.jpg,D:\Work\Workspace\Projects\Python\data-driven-surface\data\raw\flickr_images\monumental_city\monumental_city_23.jpg,3
20,Cities & Eyes 1,fear,"['mirror', 'valdrada', 'above', 'know', 'marco', 'khan', 'never', 'lake', 'look', 'water', 'exists', 'point']",floating_city,1,Zurich pink to blue,https://live.staticflickr.com/584/31557786020_1f8467ddb1_c.jpg,D:\Work\Workspace\Projects\Python\data-driven-surface\data\raw\flickr_images\floating_city\floating_city_57.jpg,9
20,Cities & Eyes 1,fear,"['mirror', 'valdrada', 'above', 'know', 'marco', 'khan', 'never', 'lake', 'look', 'water', 'exists', 'point']",surreal_city,2,silent rain under the silver moon (AI),https://live.staticflickr.com/65535/54565885841_255d683a65_c.jpg,D:\Work\Workspace\Projects\Python\data-driven-surface\data\raw\flickr_images\surreal_city\surreal_city_39.jpg,5
20,Cities & Eyes 1,fear,"['mirror', 'valdrada', 'above', 'know', 'marco', 'khan', 'never', 'lake', 'look', 'water', 'exists', 'point']",vertical_city,3,Equilibrium,https://live.staticflickr.com/65535/54699291157_b7e098a484_c.jpg,D:\Work\Workspace\Projects\Python\data-driven-surface\data\raw\flickr_images\vertical_city\vertical_city_40.jpg,5
21,Cities & Signs 5,neutral,"['words', 'olivia', 'describe', 'never', 'mullioned', 'windows', 'soot', 'speak', 'saddlers', 'women', 'repeated', 'thousands']",vertical_city,1,221001134154,https://live.staticflickr.com/65535/52434042853_7ddfede664_c.jpg,D:\Work\Workspace\Projects\Python\data-driven-surface\data\raw\flickr_images\vertical_city\vertical_city_44.jpg,3
21,Cities & Signs 5,neutral,"['words', 'olivia', 'describe', 'never', 'mullioned', 'windows', 'soot', 'speak', 'saddlers', 'women', 'repeated', 'thousands']",ruin_city,2,THE OLD FORST BUILDING RUIN IN AUG 2004,https://live.staticflickr.com/2429/3780279508_87ae79fb01_c.jpg,D:\Work\Workspace\Projects\Python\data-driven-surface\data\raw\flickr_images\ruin_city\ruin_city_53.jpg,3
21,Cities & Signs 5,neutral,"['words', 'olivia', 'describe', 'never', 'mullioned', 'windows', 'soot', 'speak', 'saddlers', 'women', 'repeated', 'thousands']",floating_city,3,,https://live.staticflickr.com/5040/7193073230_f97b260e2e_c.jpg,D:\Work\Workspace\Projects\Python\data-driven-surface\data\raw\flickr_images\floating_city\floating_city_32.jpg,3
22,Thin Cities 4,fear,"['half', 'sophronia', 'roller', 'coaster', 'stone', 'marble', 'cement', 'stand', 'great', 'steep', 'humps', 'carousel']",surreal_city,1,silent rain under the silver moon (AI),https://live.staticflickr.com/65535/54565885841_255d683a65_c.jpg,D:\Work\Workspace\Projects\Python\data-driven-surface\data\raw\flickr_images\surreal_city\surreal_city_39.jpg,5
22,Thin Cities 4,fear,"['half', 'sophronia', 'roller', 'coaster', 'stone', 'marble', 'cement', 'stand', 'great', 'steep', 'humps', 'carousel']",ruin_city,2,nonlinear thoughts on this linear road,https://live.staticflickr.com/7856/33059858248_898ecaa78a_c.jpg,D:\Work\Workspace\Projects\Python\data-driven-surface\data\raw\flickr_images\ruin_city\ruin_city_2.jpg,3
22,Thin Cities 4,fear,"['half', 'sophronia', 'roller', 'coaster', 'stone', 'marble', 'cement', 'stand', 'great', 'steep', 'humps', 'carousel']",circular_city,3,"Louvre Palace... Tuileries Gardens...It was intended to ""equal in greatness and magnificence that of the Château de Versailles""",https://live.staticflickr.com/65535/54305589792_2c0590d3cb_c.jpg,D:\Work\Workspace\Projects\Python\data-driven-surface\data\raw\flickr_images\circular_city\circular_city_18.jpg,3
23,Trading Cities 3,sadness,"['eutropia', 'another', 'empty', 'life', 'move', 'different', 'others', 'inhabitants', 'greet', 'identical', 'repeat', 'enters']",ruin_city,1,"Ruins near Chesapeake City, Maryland.",https://live.staticflickr.com/65535/52623747779_c27d8628e8_c.jpg,D:\Work\Workspace\Projects\Python\data-driven-surface\data\raw\flickr_images\ruin_city\ruin_city_28.jpg,9
23,Trading Cities 3,sadness,"['eutropia', 'another', 'empty', 'life', 'move', 'different', 'others', 'inhabitants', 'greet', 'identical', 'repeat', 'enters']",desert_city,2,Dubai Marina,https://live.staticflickr.com/2919/14764433966_41148c11fb_c.jpg,D:\Work\Workspace\Projects\Python\data-driven-surface\data\raw\flickr_images\desert_city\desert_city_49.jpg,7
23,Trading Cities 3,sadness,"['eutropia', 'another', 'empty', 'life', 'move', 'different', 'others', 'inhabitants', 'greet', 'identical', 'repeat', 'enters']",vertical_city,3,"Shanghai, a vertical city",https://live.staticflickr.com/3871/15061621629_3d49f86be9_c.jpg,D:\Work\Workspace\Projects\Python\data-driven-surface\data\raw\flickr_images\vertical_city\vertical_city_2.jpg,6
24,Cities & Eyes 2,neutral,"['zemrude', 'along', 'gaze', 'mood', 'beholder', 'gives', 'form', 'whistling', 'nose', 'tilt', 'behind', 'whistle']",vertical_city,1,Between Towers,https://live.staticflickr.com/65535/48349220892_094bd3da13_c.jpg,D:\Work\Workspace\Projects\Python\data-driven-surface\data\raw\flickr_images\vertical_city\vertical_city_32.jpg,3
24,Cities & Eyes 2,neutral,"['zemrude', 'along', 'gaze', 'mood', 'beholder', 'gives', 'form', 'whistling', 'nose', 'tilt', 'behind', 'whistle']",ruin_city,2,"Katowice, Poland.",https://live.staticflickr.com/65535/51235025405_985fe72b70_c.jpg,D:\Work\Workspace\Projects\Python\data-driven-surface\data\raw\flickr_images\ruin_city\ruin_city_29.jpg,3
24,Cities & Eyes 2,neutral,"['zemrude', 'along', 'gaze', 'mood', 'beholder', 'gives', 'form', 'whistling', 'nose', 'tilt', 'behind', 'whistle']",monumental_city,3,"Wien, 1. Bezirk, Kärntnerring, Hotel Imperial (former Palais Württemberg)",https://live.staticflickr.com/1002/5189783181_c5b03b2bfa_c.jpg,D:\Work\Workspace\Projects\Python\data-driven-surface\data\raw\flickr_images\monumental_city\monumental_city_22.jpg,3
25,Cities & Names 1,joy,"['aglaura', 'khan', 'grow', 'exist', 'empire', 'tell', 'inhabitants', 'always', 'virtues', 'faults', 'exists', 'certain']",ruin_city,1,"More fun at Liberty State Park! Well, sort of. Taken from the Statue of Liberty, the view shows the abandoned Central Railroad of New Jersey yards. Scrap barges and old factories lined the shoreline where the walkway exists now. Jersey City. March 1977",https://live.staticflickr.com/65535/50345355932_f1e0f46e8f_c.jpg,D:\Work\Workspace\Projects\Python\data-driven-surface\data\raw\flickr_images\ruin_city\ruin_city_38.jpg,11
25,Cities & Names 1,joy,"['aglaura', 'khan', 'grow', 'exist', 'empire', 'tell', 'inhabitants', 'always', 'virtues', 'faults', 'exists', 'certain']",desert_city,2,Where the streets have no name..,https://live.staticflickr.com/6158/6186017968_b6414021a0_c.jpg,D:\Work\Workspace\Projects\Python\data-driven-surface\data\raw\flickr_images\desert_city\desert_city_1.jpg,5
25,Cities & Names 1,joy,"['aglaura', 'khan', 'grow', 'exist', 'empire', 'tell', 'inhabitants', 'always', 'virtues', 'faults', 'exists', 'certain']",circular_city,3,"Golden Statues & Eiffel Tower Viewed From The Palais De Chaillot, Paris, France.",https://live.staticflickr.com/65535/52237009217_c3a123152d_c.jpg,D:\Work\Workspace\Projects\Python\data-driven-surface\data\raw\flickr_images\circular_city\circular_city_6.jpg,4
26,Thin Cities 5,fear,"['below', 'hundreds', 'choose', 'believe', 'good', 'tell', 'octavia', 'spiderweb', 'precipice', 'steep', 'mountains', 'void']",vertical_city,1,Kuala Lumpur Skyline at Night,https://live.staticflickr.com/8396/29580306165_f9d993a1a0_c.jpg,D:\Work\Workspace\Projects\Python\data-driven-surface\data\raw\flickr_images\vertical_city\vertical_city_37.jpg,5
26,Thin Cities 5,fear,"['below', 'hundreds', 'choose', 'believe', 'good', 'tell', 'octavia', 'spiderweb', 'precipice', 'steep', 'mountains', 'void']",ruin_city,2,Thank Goodness for Volunteers,https://live.staticflickr.com/5824/31114495201_5645b69d49_c.jpg,D:\Work\Workspace\Projects\Python\data-driven-surface\data\raw\flickr_images\ruin_city\ruin_city_49.jpg,5
26,Thin Cities 5,fear,"['below', 'hundreds', 'choose', 'believe', 'good', 'tell', 'octavia', 'spiderweb', 'precipice', 'steep', 'mountains', 'void']",layered_city,3,"Wien, 3. Bezirk, Schlosspark Belvedere (Parc du Palais de Belvedere, Parque del Palacio de Belvedere, Parco del Castello di Belvedere, Castle Grounds of Belvedere), Prinz-Eugen-Straße/Rennweg",https://live.staticflickr.com/5530/9879588076_5be486cd9b_c.jpg,D:\Work\Workspace\Projects\Python\data-driven-surface\data\raw\flickr_images\layered_city\layered_city_16.jpg,3
27,Trading Cities 4,neutral,"['strings', 'ersilia', 'houses', 'relationships', 'inhabitants', 'white', 'black', 'away', 'establish', 'sustain', 'life', 'stretch']",ruin_city,1,Ruins,https://live.staticflickr.com/7044/6800031874_81877a5067_c.jpg,D:\Work\Workspace\Projects\Python\data-driven-surface\data\raw\flickr_images\ruin_city\ruin_city_1.jpg,6
27,Trading Cities 4,neutral,"['strings', 'ersilia', 'houses', 'relationships', 'inhabitants', 'white', 'black', 'away', 'establish', 'sustain', 'life', 'stretch']",vertical_city,2,Vertical Infinity,https://live.staticflickr.com/65535/53806687970_16c4e08ef7_c.jpg,D:\Work\Workspace\Projects\Python\data-driven-surface\data\raw\flickr_images\vertical_city\vertical_city_38.jpg,6
27,Trading Cities 4,neutral,"['strings', 'ersilia', 'houses', 'relationships', 'inhabitants', 'white', 'black', 'away', 'establish', 'sustain', 'life', 'stretch']",surreal_city,3,The Stars Are Out Tonight,https://live.staticflickr.com/65535/54577326738_95456d2cf2_c.jpg,D:\Work\Workspace\Projects\Python\data-driven-surface\data\raw\flickr_images\surreal_city\surreal_city_43.jpg,4
28,Cities & Eyes 3,fear,"['baucis', 'ground', 'inhabitants', 'earth', 'leaf', 'stone', 'march', 'woodland', 'traveller', 'directed', 'cannot', 'arrived']",ruin_city,1,Abandoned graves,https://live.staticflickr.com/4240/35329703955_4d1f3537bd_c.jpg,D:\Work\Workspace\Projects\Python\data-driven-surface\data\raw\flickr_images\ruin_city\ruin_city_3.jpg,6
28,Cities & Eyes 3,fear,"['baucis', 'ground', 'inhabitants', 'earth', 'leaf', 'stone', 'march', 'woodland', 'traveller', 'directed', 'cannot', 'arrived']",surreal_city,2,silent rain under the silver moon (AI),https://live.staticflickr.com/65535/54565885841_255d683a65_c.jpg,D:\Work\Workspace\Projects\Python\data-driven-surface\data\raw\flickr_images\surreal_city\surreal_city_39.jpg,5
28,Cities & Eyes 3,fear,"['baucis', 'ground', 'inhabitants', 'earth', 'leaf', 'stone', 'march', 'woodland', 'traveller', 'directed', 'cannot', 'arrived']",desert_city,3,IMG_2500,https://live.staticflickr.com/8425/7836438220_7c364f8c3c_c.jpg,D:\Work\Workspace\Projects\Python\data-driven-surface\data\raw\flickr_images\desert_city\desert_city_48.jpg,3
29,Cities & Names 2,joy,"['penates', 'lares', 'leandra', 'house', 'species', 'family', 'houses', 'follow', 'families', 'stay', 'away', 'remain']",circular_city,1,"Golden Statues & Eiffel Tower Viewed From The Palais De Chaillot, Paris, France.",https://live.staticflickr.com/65535/52237009217_c3a123152d_c.jpg,D:\Work\Workspace\Projects\Python\data-driven-surface\data\raw\flickr_images\circular_city\circular_city_6.jpg,7
29,Cities & Names 2,joy,"['penates', 'lares', 'leandra', 'house', 'species', 'family', 'houses', 'follow', 'families', 'stay', 'away', 'remain']",desert_city,2,"Trippin to Mesa, Az. & Vegas, visiting family and friends",https://live.staticflickr.com/5285/5364267055_5fdcc54d11_c.jpg,D:\Work\Workspace\Projects\Python\data-driven-surface\data\raw\flickr_images\desert_city\desert_city_30.jpg,7
29,Cities & Names 2,joy,"['penates', 'lares', 'leandra', 'house', 'species', 'family', 'houses', 'follow', 'families', 'stay', 'away', 'remain']",ruin_city,3,"Pop's Grocery barely survives among the ruins of a once thriving Victorian neighborhood on a cold, gray wintery day. Bridgeport Connecticut. Feb 1996",https://live.staticflickr.com/65535/52535293642_87102f0df3_c.jpg,D:\Work\Workspace\Projects\Python\data-driven-surface\data\raw\flickr_images\ruin_city\ruin_city_33.jpg,6
30,Cities & The Dead 1,joy,"['marco', 'polo', 'venice', 'kublai', 'never', 'stone', 'khan', 'speak', 'melania', 'square', 'dialogue', 'meanwhile']",desert_city,1,Where the streets have no name..,https://live.staticflickr.com/6158/6186017968_b6414021a0_c.jpg,D:\Work\Workspace\Projects\Python\data-driven-surface\data\raw\flickr_images\desert_city\desert_city_1.jpg,5
30,Cities & The Dead 1,joy,"['marco', 'polo', 'venice', 'kublai', 'never', 'stone', 'khan', 'speak', 'melania', 'square', 'dialogue', 'meanwhile']",ruin_city,2,Abandoned graves,https://live.staticflickr.com/4240/35329703955_4d1f3537bd_c.jpg,D:\Work\Workspace\Projects\Python\data-driven-surface\data\raw\flickr_images\ruin_city\ruin_city_3.jpg,5
30,Cities & The Dead 1,joy,"['marco', 'polo', 'venice', 'kublai', 'never', 'stone', 'khan', 'speak', 'melania', 'square', 'dialogue', 'meanwhile']",vertical_city,3,Up,https://live.staticflickr.com/65535/49870993056_d500390885_c.jpg,D:\Work\Workspace\Projects\Python\data-driven-surface\data\raw\flickr_images\vertical_city\vertical_city_36.jpg,5
31,Trading Cities 5,joy,"['routes', 'esmeralda', 'network', 'streets', 'place', 'another', 'land', 'boat', 'points', 'ways', 'following', 'level']",desert_city,1,Where the streets have no name..,https://live.staticflickr.com/6158/6186017968_b6414021a0_c.jpg,D:\Work\Workspace\Projects\Python\data-driven-surface\data\raw\flickr_images\desert_city\desert_city_1.jpg,11
31,Trading Cities 5,joy,"['routes', 'esmeralda', 'network', 'streets', 'place', 'another', 'land', 'boat', 'points', 'ways', 'following', 'level']",layered_city,2,Winter Moscow cityscape at night. Aerial view,https://live.staticflickr.com/4116/5447143557_d0b62ed4f1_c.jpg,D:\Work\Workspace\Projects\Python\data-driven-surface\data\raw\flickr_images\layered_city\layered_city_0.jpg,11
31,Trading Cities 5,joy,"['routes', 'esmeralda', 'network', 'streets', 'place', 'another', 'land', 'boat', 'points', 'ways', 'following', 'level']",monumental_city,3,Curzon Street Birmingham 9th May 2016,https://live.staticflickr.com/1903/43172650200_275e2b05af_c.jpg,D:\Work\Workspace\Projects\Python\data-driven-surface\data\raw\flickr_images\monumental_city\monumental_city_29.jpg,9
32,Cities & Eyes 4,joy,"['phyllis', 'eyes', 'windows', 'certain', 'bridges', 'suspended', 'down', 'statues', 'corbels', 'rest', 'follow', 'patches']",desert_city,1,"Trippin to Mesa, Az. & Vegas, visiting family and friends",https://live.staticflickr.com/5285/5364267055_5fdcc54d11_c.jpg,D:\Work\Workspace\Projects\Python\data-driven-surface\data\raw\flickr_images\desert_city\desert_city_30.jpg,7
32,Cities & Eyes 4,joy,"['phyllis', 'eyes', 'windows', 'certain', 'bridges', 'suspended', 'down', 'statues', 'corbels', 'rest', 'follow', 'patches']",circular_city,2,"Golden Statues & Eiffel Tower Viewed From The Palais De Chaillot, Paris, France.",https://live.staticflickr.com/65535/52237009217_c3a123152d_c.jpg,D:\Work\Workspace\Projects\Python\data-driven-surface\data\raw\flickr_images\circular_city\circular_city_6.jpg,7
32,Cities & Eyes 4,joy,"['phyllis', 'eyes', 'windows', 'certain', 'bridges', 'suspended', 'down', 'statues', 'corbels', 'rest', 'follow', 'patches']",ruin_city,3,THE OLD FORST BUILDING RUIN IN AUG 2004,https://live.staticflickr.com/2429/3780279508_87ae79fb01_c.jpg,D:\Work\Workspace\Projects\Python\data-driven-surface\data\raw\flickr_images\ruin_city\ruin_city_53.jpg,6
33,Cities & Names 3,desire,"['pyrrha', 'name', 'never', 'high', 'well', 'square', 'euphrasia', 'odile', 'margara', 'getullia', 'different', 'imagined']",vertical_city,1,Up,https://live.staticflickr.com/65535/49870993056_d500390885_c.jpg,D:\Work\Workspace\Projects\Python\data-driven-surface\data\raw\flickr_images\vertical_city\vertical_city_36.jpg,6
33,Cities & Names 3,desire,"['pyrrha', 'name', 'never', 'high', 'well', 'square', 'euphrasia', 'odile', 'margara', 'getullia', 'different', 'imagined']",circular_city,2,"Alexandre Gustave Eiffel Bust, Eiffel Tower, Paris, France.",https://live.staticflickr.com/65535/52238493880_c4e3be2b1e_c.jpg,D:\Work\Workspace\Projects\Python\data-driven-surface\data\raw\flickr_images\circular_city\circular_city_7.jpg,5
33,Cities & Names 3,desire,"['pyrrha', 'name', 'never', 'high', 'well', 'square', 'euphrasia', 'odile', 'margara', 'getullia', 'different', 'imagined']",surreal_city,3,The Stars Are Out Tonight,https://live.staticflickr.com/65535/54577326738_95456d2cf2_c.jpg,D:\Work\Workspace\Projects\Python\data-driven-surface\data\raw\flickr_images\surreal_city\surreal_city_4.jpg,4
34,Cities & The Dead 2,desire,"['thought', 'adelma', 'dead', 'faces', 'turned', 'living', 'eyes', 'face', 'resembled', 'basket', 'recognized', 'longer']",floating_city,1,Spider's Living 2011 (video cover),https://live.staticflickr.com/7796/17584406303_e1d2b9181c_c.jpg,D:\Work\Workspace\Projects\Python\data-driven-surface\data\raw\flickr_images\floating_city\floating_city_26.jpg,5
34,Cities & The Dead 2,desire,"['thought', 'adelma', 'dead', 'faces', 'turned', 'living', 'eyes', 'face', 'resembled', 'basket', 'recognized', 'longer']",surreal_city,2,The Stars Are Out Tonight,https://live.staticflickr.com/65535/54577326738_95456d2cf2_c.jpg,D:\Work\Workspace\Projects\Python\data-driven-surface\data\raw\flickr_images\surreal_city\surreal_city_4.jpg,4
34,Cities & The Dead 2,desire,"['thought', 'adelma', 'dead', 'faces', 'turned', 'living', 'eyes', 'face', 'resembled', 'basket', 'recognized', 'longer']",ruin_city,3,nonlinear thoughts on this linear road,https://live.staticflickr.com/7856/33059858248_898ecaa78a_c.jpg,D:\Work\Workspace\Projects\Python\data-driven-surface\data\raw\flickr_images\ruin_city\ruin_city_2.jpg,3
35,Cities & The Sky 1,desire,"['carpet', 'eudoxia', 'true', 'perhaps', 'cloud', 'kublai', 'garden', 'polo', 'form', 'place', 'find', 'oracle']",ruin_city,1,"Welcome to Jersey City, 1974 style! Just too good to be true for a 15 year old explorer. Piles of toxic junk line the Morris Canal, abandoned Central Railroad of NJ coaling station in the background. The Turnpike hovers over this bizarre moonscape.",https://live.staticflickr.com/65535/49848207246_315388cbc3_c.jpg,D:\Work\Workspace\Projects\Python\data-driven-surface\data\raw\flickr_images\ruin_city\ruin_city_43.jpg,6
35,Cities & The Sky 1,desire,"['carpet', 'eudoxia', 'true', 'perhaps', 'cloud', 'kublai', 'garden', 'polo', 'form', 'place', 'find', 'oracle']",vertical_city,2,Central Park Sydney,https://live.staticflickr.com/7586/17033501677_6ccd0e2a67_c.jpg,D:\Work\Workspace\Projects\Python\data-driven-surface\data\raw\flickr_images\vertical_city\vertical_city_12.jpg,6
35,Cities & The Sky 1,desire,"['carpet', 'eudoxia', 'true', 'perhaps', 'cloud', 'kublai', 'garden', 'polo', 'form', 'place', 'find', 'oracle']",surreal_city,3,A Secret Place,https://live.staticflickr.com/7158/6802016909_206ec9fc90_c.jpg,D:\Work\Workspace\Projects\Python\data-driven-surface\data\raw\flickr_images\surreal_city\surreal_city_1.jpg,5
36,Cities & Eyes 5,sadness,"['obverse', 'face', 'sheet', 'forded', 'river', 'crossed', 'mountain', 'pass', 'suddenly', 'find', 'moriana', 'alabaster']",ruin_city,1,"More fun at Liberty State Park! Well, sort of. Taken from the Statue of Liberty, the view shows the abandoned Central Railroad of New Jersey yards. Scrap barges and old factories lined the shoreline where the walkway exists now. Jersey City. March 1977",https://live.staticflickr.com/65535/50345355932_f1e0f46e8f_c.jpg,D:\Work\Workspace\Projects\Python\data-driven-surface\data\raw\flickr_images\ruin_city\ruin_city_38.jpg,8
36,Cities & Eyes 5,sadness,"['obverse', 'face', 'sheet', 'forded', 'river', 'crossed', 'mountain', 'pass', 'suddenly', 'find', 'moriana', 'alabaster']",desert_city,2,Dubai Marina,https://live.staticflickr.com/2919/14764433966_41148c11fb_c.jpg,D:\Work\Workspace\Projects\Python\data-driven-surface\data\raw\flickr_images\desert_city\desert_city_49.jpg,7
36,Cities & Eyes 5,sadness,"['obverse', 'face', 'sheet', 'forded', 'river', 'crossed', 'mountain', 'pass', 'suddenly', 'find', 'moriana', 'alabaster']",surreal_city,3,Menorca,https://live.staticflickr.com/65535/53994416511_00039a6dfc_c.jpg,D:\Work\Workspace\Projects\Python\data-driven-surface\data\raw\flickr_images\surreal_city\surreal_city_53.jpg,3
37,Cities & Names 4,sadness,"['clarice', 'objects', 'again', 'splendour', 'capitals', 'several', 'always', 'survivors', 'emerged', 'rats', 'another', 'place']",ruin_city,1,Spending a gorgeous day in Liberty State Park and beating the weekend crowd by arriving 43 years too early when the place was still REALLY fascinating! A horizon to horizon landscape of total abandonment and decay. Jersey City. Aug 1977,https://live.staticflickr.com/65535/49880540453_cd39fbcd2f_c.jpg,D:\Work\Workspace\Projects\Python\data-driven-surface\data\raw\flickr_images\ruin_city\ruin_city_44.jpg,11
37,Cities & Names 4,sadness,"['clarice', 'objects', 'again', 'splendour', 'capitals', 'several', 'always', 'survivors', 'emerged', 'rats', 'another', 'place']",desert_city,2,Burj Khalifa,https://live.staticflickr.com/3848/14426753508_5dbccfacca_c.jpg,D:\Work\Workspace\Projects\Python\data-driven-surface\data\raw\flickr_images\desert_city\desert_city_31.jpg,4
37,Cities & Names 4,sadness,"['clarice', 'objects', 'again', 'splendour', 'capitals', 'several', 'always', 'survivors', 'emerged', 'rats', 'another', 'place']",layered_city,3,Winter Moscow cityscape at night. Aerial view,https://live.staticflickr.com/4116/5447143557_d0b62ed4f1_c.jpg,D:\Work\Workspace\Projects\Python\data-driven-surface\data\raw\flickr_images\layered_city\layered_city_0.jpg,3
38,Cities & The Dead 3,fear,"['eusapia', 'dead', 'living', 'life', 'death', 'down', 'below', 'hooded', 'brothers', 'copy', 'underground', 'corpses']",vertical_city,1,Central Park Sydney,https://live.staticflickr.com/7586/17033501677_6ccd0e2a67_c.jpg,D:\Work\Workspace\Projects\Python\data-driven-surface\data\raw\flickr_images\vertical_city\vertical_city_12.jpg,5
38,Cities & The Dead 3,fear,"['eusapia', 'dead', 'living', 'life', 'death', 'down', 'below', 'hooded', 'brothers', 'copy', 'underground', 'corpses']",layered_city,2,Winter Moscow cityscape at night. Aerial view,https://live.staticflickr.com/4116/5447143557_d0b62ed4f1_c.jpg,D:\Work\Workspace\Projects\Python\data-driven-surface\data\raw\flickr_images\layered_city\layered_city_0.jpg,5
38,Cities & The Dead 3,fear,"['eusapia', 'dead', 'living', 'life', 'death', 'down', 'below', 'hooded', 'brothers', 'copy', 'underground', 'corpses']",ruin_city,3,"Ruins near Chesapeake City, Maryland.",https://live.staticflickr.com/65535/52623747779_c27d8628e8_c.jpg,D:\Work\Workspace\Projects\Python\data-driven-surface\data\raw\flickr_images\ruin_city\ruin_city_28.jpg,3
39,Cities & The Sky 2,joy,"['beersheba', 'polo', 'kublai', 'rubbish', 'game', 'celestial', 'true', 'black', 'leonia', 'exist', 'marco', 'pieces']",ruin_city,1,"More fun at Liberty State Park! Well, sort of. Taken from the Statue of Liberty, the view shows the abandoned Central Railroad of New Jersey yards. Scrap barges and old factories lined the shoreline where the walkway exists now. Jersey City. March 1977",https://live.staticflickr.com/65535/50345355932_f1e0f46e8f_c.jpg,D:\Work\Workspace\Projects\Python\data-driven-surface\data\raw\flickr_images\ruin_city\ruin_city_38.jpg,5
39,Cities & The Sky 2,joy,"['beersheba', 'polo', 'kublai', 'rubbish', 'game', 'celestial', 'true', 'black', 'leonia', 'exist', 'marco', 'pieces']",circular_city,2,"Golden Statues & Eiffel Tower Viewed From The Palais De Chaillot, Paris, France.",https://live.staticflickr.com/65535/52237009217_c3a123152d_c.jpg,D:\Work\Workspace\Projects\Python\data-driven-surface\data\raw\flickr_images\circular_city\circular_city_6.jpg,4
39,Cities & The Sky 2,joy,"['beersheba', 'polo', 'kublai', 'rubbish', 'game', 'celestial', 'true', 'black', 'leonia', 'exist', 'marco', 'pieces']",desert_city,3,"Trippin to Mesa, Az. & Vegas, visiting family and friends",https://live.staticflickr.com/5285/5364267055_5fdcc54d11_c.jpg,D:\Work\Workspace\Projects\Python\data-driven-surface\data\raw\flickr_images\desert_city\desert_city_30.jpg,4
40,Cities & Names 5,joy,"['irene', 'plateau', 'down', 'distance', 'fires', 'evening', 'look', 'speak', 'marco', 'different', 'name', 'another']",vertical_city,1,Equilibrium,https://live.staticflickr.com/65535/54699291157_b7e098a484_c.jpg,D:\Work\Workspace\Projects\Python\data-driven-surface\data\raw\flickr_images\vertical_city\vertical_city_40.jpg,8
40,Cities & Names 5,joy,"['irene', 'plateau', 'down', 'distance', 'fires', 'evening', 'look', 'speak', 'marco', 'different', 'name', 'another']",desert_city,2,Where the streets have no name..,https://live.staticflickr.com/6158/6186017968_b6414021a0_c.jpg,D:\Work\Workspace\Projects\Python\data-driven-surface\data\raw\flickr_images\desert_city\desert_city_1.jpg,5
40,Cities & Names 5,joy,"['irene', 'plateau', 'down', 'distance', 'fires', 'evening', 'look', 'speak', 'marco', 'different', 'name', 'another']",floating_city,3,Zurich pink to blue,https://live.staticflickr.com/584/31557786020_1f8467ddb1_c.jpg,D:\Work\Workspace\Projects\Python\data-driven-surface\data\raw\flickr_images\floating_city\floating_city_57.jpg,5
41,Cities & The Dead 4,fear,"['argia', 'makes', 'different', 'earth', 'instead', 'streets', 'completely', 'filled', 'dirt', 'clay', 'packs', 'rooms']",vertical_city,1,Tokyo Kabukicho Tower,https://live.staticflickr.com/65535/54155174481_678cc38e19_c.jpg,D:\Work\Workspace\Projects\Python\data-driven-surface\data\raw\flickr_images\vertical_city\vertical_city_58.jpg,5
41,Cities & The Dead 4,fear,"['argia', 'makes', 'different', 'earth', 'instead', 'streets', 'completely', 'filled', 'dirt', 'clay', 'packs', 'rooms']",monumental_city,2,Curzon Street Birmingham 9th May 2016,https://live.staticflickr.com/1903/43172650200_275e2b05af_c.jpg,D:\Work\Workspace\Projects\Python\data-driven-surface\data\raw\flickr_images\monumental_city\monumental_city_23.jpg,3
41,Cities & The Dead 4,fear,"['argia', 'makes', 'different', 'earth', 'instead', 'streets', 'completely', 'filled', 'dirt', 'clay', 'packs', 'rooms']",ruin_city,3,Shuttered 19th century factories give way to an urban forest in a city which was once extremely industrial and produced hundreds of different products. Only overgrown vestiges of its old industrial might still survive. Bridgeport Connecticut. Aug 1997,https://live.staticflickr.com/762/31568017234_6c34c7d961_c.jpg,D:\Work\Workspace\Projects\Python\data-driven-surface\data\raw\flickr_images\ruin_city\ruin_city_40.jpg,3
42,Cities & The Sky 3,joy,"['marco', 'atlas', 'shape', 'trade', 'square', 'olinda', 'within', 'walls', 'great', 'name', 'khan', 'places']",ruin_city,1,Spending a gorgeous day in Liberty State Park and beating the weekend crowd by arriving 43 years too early when the place was still REALLY fascinating! A horizon to horizon landscape of total abandonment and decay. Jersey City. Aug 1977,https://live.staticflickr.com/65535/49880540453_cd39fbcd2f_c.jpg,D:\Work\Workspace\Projects\Python\data-driven-surface\data\raw\flickr_images\ruin_city\ruin_city_44.jpg,5
42,Cities & The Sky 3,joy,"['marco', 'atlas', 'shape', 'trade', 'square', 'olinda', 'within', 'walls', 'great', 'name', 'khan', 'places']",vertical_city,2,Up,https://live.staticflickr.com/65535/49870993056_d500390885_c.jpg,D:\Work\Workspace\Projects\Python\data-driven-surface\data\raw\flickr_images\vertical_city\vertical_city_36.jpg,5
42,Cities & The Sky 3,joy,"['marco', 'atlas', 'shape', 'trade', 'square', 'olinda', 'within', 'walls', 'great', 'name', 'khan', 'places']",desert_city,3,Where the streets have no name..,https://live.staticflickr.com/6158/6186017968_b6414021a0_c.jpg,D:\Work\Workspace\Projects\Python\data-driven-surface\data\raw\flickr_images\desert_city\desert_city_1.jpg,5
43,Cities & The Dead 5,awe,"['laudomia', 'living', 'dead', 'unborn', 'another', 'inhabitants', 'crowded', 'born', 'number', 'since', 'double', 'walls']",monumental_city,1,"The Sherry-Netherland, New York City",https://live.staticflickr.com/7022/6419179209_e4341cae1b_c.jpg,D:\Work\Workspace\Projects\Python\data-driven-surface\data\raw\flickr_images\monumental_city\monumental_city_31.jpg,4
43,Cities & The Dead 5,awe,"['laudomia', 'living', 'dead', 'unborn', 'another', 'inhabitants', 'crowded', 'born', 'number', 'since', 'double', 'walls']",ruin_city,2,THE OLD MIRON CASTING PLANT IN MARCH 2012,https://live.staticflickr.com/7190/6951054723_0782eb4834_c.jpg,D:\Work\Workspace\Projects\Python\data-driven-surface\data\raw\flickr_images\ruin_city\ruin_city_12.jpg,3
43,Cities & The Dead 5,awe,"['laudomia', 'living', 'dead', 'unborn', 'another', 'inhabitants', 'crowded', 'born', 'number', 'since', 'double', 'walls']",floating_city,3,Spider's Living 2011,https://live.staticflickr.com/8870/17827245004_af699f9847_c.jpg,D:\Work\Workspace\Projects\Python\data-driven-surface\data\raw\flickr_images\floating_city\floating_city_27.jpg,3
44,Cities & The Sky 4,joy,"['year', 'happy', 'perinthia', 'room', 'window', 'corn', 'round', 'astronomers', 'children', 'curtain', 'ditch', 'bridge']",circular_city,1,"Golden Statues & Eiffel Tower Viewed From The Palais De Chaillot, Paris, France.",https://live.staticflickr.com/65535/52237009217_c3a123152d_c.jpg,D:\Work\Workspace\Projects\Python\data-driven-surface\data\raw\flickr_images\circular_city\circular_city_6.jpg,10
44,Cities & The Sky 4,joy,"['year', 'happy', 'perinthia', 'room', 'window', 'corn', 'round', 'astronomers', 'children', 'curtain', 'ditch', 'bridge']",vertical_city,2,Up,https://live.staticflickr.com/65535/49870993056_d500390885_c.jpg,D:\Work\Workspace\Projects\Python\data-driven-surface\data\raw\flickr_images\vertical_city\vertical_city_36.jpg,8
44,Cities & The Sky 4,joy,"['year', 'happy', 'perinthia', 'room', 'window', 'corn', 'round', 'astronomers', 'children', 'curtain', 'ditch', 'bridge']",ruin_city,3,"Welcome to Jersey City, 1974 style! Just too good to be true for a 15 year old explorer. Piles of toxic junk line the Morris Canal, abandoned Central Railroad of NJ coaling station in the background. The Turnpike hovers over this bizarre moonscape.",https://live.staticflickr.com/65535/49848207246_315388cbc3_c.jpg,D:\Work\Workspace\Projects\Python\data-driven-surface\data\raw\flickr_images\ruin_city\ruin_city_43.jpg,8
45,Cities & The Sky 5,joy,"['change', 'another', 'penthesilea', 'unjust', 'tell', 'last', 'recognize', 'hidden', 'andria', 'street', 'places', 'space']",vertical_city,1,Up,https://live.staticflickr.com/65535/49870993056_d500390885_c.jpg,D:\Work\Workspace\Projects\Python\data-driven-surface\data\raw\flickr_images\vertical_city\vertical_city_36.jpg,11
45,Cities & The Sky 5,joy,"['change', 'another', 'penthesilea', 'unjust', 'tell', 'last', 'recognize', 'hidden', 'andria', 'street', 'places', 'space']",circular_city,2,"Golden Statues & Eiffel Tower Viewed From The Palais De Chaillot, Paris, France.",https://live.staticflickr.com/65535/52237009217_c3a123152d_c.jpg,D:\Work\Workspace\Projects\Python\data-driven-surface\data\raw\flickr_images\circular_city\circular_city_6.jpg,10
45,Cities & The Sky 5,joy,"['change', 'another', 'penthesilea', 'unjust', 'tell', 'last', 'recognize', 'hidden', 'andria', 'street', 'places', 'space']",ruin_city,3,Spending a gorgeous day in Liberty State Park and beating the weekend crowd by arriving 43 years too early when the place was still REALLY fascinating! A horizon to horizon landscape of total abandonment and decay. Jersey City. Aug 1977,https://live.staticflickr.com/65535/49880540453_cd39fbcd2f_c.jpg,D:\Work\Workspace\Projects\Python\data-driven-surface\data\raw\flickr_images\ruin_city\ruin_city_44.jpg,8
